"measuredItemFaostat_L2","measuredElement","geographicAreaM49_fi","timePointYears","Value","flagObservationStatus","flagMethod"
"1501","5023","203","2016",16927,"E","i"
"1501","5023","203","2015",18452,"E","i"
"1501","5023","203","2014",19113,"E","i"
"1501","5141","203","2016",0,"I","b"
"1501","5141","203","2015",0,"I","b"
"1501","5141","203","2014",0,"I","b"
"1501","5510","203","2016",24459,"","s"
"1501","5510","203","2015",24041,"","s"
"1501","5510","203","2014",23947,"","s"
"1501","5610","203","2016",9189,"","s"
"1501","5610","203","2015",7985,"","s"
"1501","5610","203","2014",6551,"","s"
"1501","5910","203","2016",16721,"","s"
"1501","5910","203","2015",13574,"","s"
"1501","5910","203","2014",11385,"","s"
"1502","5023","203","2016",79,"E","i"
"1502","5023","203","2015",75,"E","i"
"1502","5023","203","2014",40,"E","i"
"1502","5141","203","2016",0,"I","b"
"1502","5141","203","2015",0,"I","b"
"1502","5141","203","2014",0,"I","b"
"1502","5423","203","2016",0.9,"E","i"
"1502","5423","203","2015",0.9,"E","i"
"1502","5423","203","2014",0.9,"E","i"
"1502","5610","203","2016",85,"","s"
"1502","5610","203","2015",108,"","s"
"1502","5610","203","2014",111,"","s"
"1502","5910","203","2016",6,"","s"
"1502","5910","203","2015",33,"","s"
"1502","5910","203","2014",71,"","s"
"1503","5023","203","2016",929,"E","i"
"1503","5023","203","2015",842,"E","i"
"1503","5023","203","2014",640,"E","i"
"1503","5141","203","2016",0,"I","b"
"1503","5141","203","2015",0,"I","b"
"1503","5141","203","2014",0,"I","b"
"1503","5302","203","2016",2430,"E","i"
"1503","5302","203","2015",2155,"E","i"
"1503","5302","203","2014",1675,"E","i"
"1503","5423","203","2016",0.4,"E","i"
"1503","5423","203","2015",0.4,"E","i"
"1503","5423","203","2014",0.4,"E","i"
"1503","5510","203","2016",972,"","s"
"1503","5510","203","2015",862,"","s"
"1503","5510","203","2014",670,"","s"
"1503","5610","203","2016",32,"","s"
"1503","5610","203","2015",12,"","s"
"1503","5610","203","2014",7,"","s"
"1503","5910","203","2016",75,"","s"
"1503","5910","203","2015",32,"","s"
"1503","5910","203","2014",37,"","s"
"1504","5023","203","2016",4084.143834,"E","i"
"1504","5023","203","2015",4174.174359,"E","i"
"1504","5023","203","2014",3727.593651,"E","i"
"1504","5141","203","2016",73.856166,"I","b"
"1504","5141","203","2015",738.825641,"I","b"
"1504","5141","203","2014",1774.406349,"I","b"
"1504","5302","203","2016",10375,"E","i"
"1504","5302","203","2015",12270,"E","i"
"1504","5302","203","2014",13750,"E","i"
"1504","5423","203","2016",0.4,"E","i"
"1504","5423","203","2015",0.4,"E","i"
"1504","5423","203","2014",0.4,"E","i"
"1504","5510","203","2016",4150,"","s"
"1504","5510","203","2015",4908,"","s"
"1504","5510","203","2014",5500,"E","s"
"1504","5610","203","2016",12,"","s"
"1504","5610","203","2015",8,"","s"
"1504","5610","203","2014",4,"","s"
"1504","5910","203","2016",4,"","s"
"1504","5910","203","2015",3,"","s"
"1504","5910","203","2014",2,"","s"
"1505","5141","203","2016",2376,"I","b"
"1505","5141","203","2015",2262,"I","b"
"1505","5141","203","2014",2082,"I","b"
"1505","5302","203","2016",5665.714286,"E","i"
"1505","5302","203","2015",5420,"E","i"
"1505","5302","203","2014",4651.428571,"E","i"
"1505","5423","203","2016",0.35,"E","i"
"1505","5423","203","2015",0.35,"E","i"
"1505","5423","203","2014",0.35,"E","i"
"1505","5510","203","2016",1983,"","s"
"1505","5510","203","2015",1897,"","s"
"1505","5510","203","2014",1628,"","s"
"1505","5610","203","2016",426,"","s"
"1505","5610","203","2015",393,"","s"
"1505","5610","203","2014",478,"","s"
"1505","5910","203","2016",33,"","s"
"1505","5910","203","2015",28,"","s"
"1505","5910","203","2014",24,"","s"
"1506","5141","203","2016",7211,"I","b"
"1506","5141","203","2015",7310,"I","b"
"1506","5141","203","2014",6523,"I","b"
"1506","5302","203","2016",11076.923077,"E","i"
"1506","5302","203","2015",11230.769231,"E","i"
"1506","5302","203","2014",10000,"E","i"
"1506","5423","203","2016",0.65,"E","i"
"1506","5423","203","2015",0.65,"E","i"
"1506","5423","203","2014",0.65,"E","i"
"1506","5510","203","2016",7200,"E","s"
"1506","5510","203","2015",7300,"E","s"
"1506","5510","203","2014",6500,"E","s"
"1506","5610","203","2016",11,"","s"
"1506","5610","203","2015",10,"","s"
"1506","5610","203","2014",23,"","s"
"1507","5141","203","2016",203,"I","b"
"1507","5141","203","2015",250,"I","b"
"1507","5141","203","2014",202,"I","b"
"1507","5423","203","2016",1,"E","i"
"1507","5423","203","2015",1,"E","i"
"1507","5423","203","2014",1,"E","i"
"1507","5610","203","2016",282,"","s"
"1507","5610","203","2015",345,"","s"
"1507","5610","203","2014",219,"","s"
"1507","5910","203","2016",79,"","s"
"1507","5910","203","2015",95,"","s"
"1507","5910","203","2014",17,"","s"
"1514","5141","203","2016",159,"I","b"
"1514","5141","203","2015",62,"I","b"
"1514","5141","203","2014",70,"I","b"
"1514","5610","203","2016",159,"","s"
"1514","5610","203","2015",86,"","s"
"1514","5610","203","2014",78,"","s"
"1514","5910","203","2015",24,"","s"
"1514","5910","203","2014",8,"","s"
"1515","5141","203","2016",47,"I","b"
"1515","5141","203","2015",66,"I","b"
"1515","5141","203","2014",131,"I","b"
"1515","5423","203","2016",0.8,"E","i"
"1515","5423","203","2015",0.8,"E","i"
"1515","5423","203","2014",0.8,"E","i"
"1515","5610","203","2016",67,"","s"
"1515","5610","203","2015",79,"","s"
"1515","5610","203","2014",156,"","s"
"1515","5910","203","2016",20,"","s"
"1515","5910","203","2015",13,"","s"
"1515","5910","203","2014",25,"","s"
"1516","5141","203","2016",12,"I","b"
"1516","5141","203","2015",102,"I","b"
"1516","5141","203","2014",300,"I","b"
"1516","5423","203","2016",0.35,"E","i"
"1516","5423","203","2015",0.35,"E","i"
"1516","5423","203","2014",0.35,"E","i"
"1516","5610","203","2016",17,"","s"
"1516","5610","203","2015",115,"","s"
"1516","5610","203","2014",302,"","s"
"1516","5910","203","2016",5,"","s"
"1516","5910","203","2015",13,"","s"
"1516","5910","203","2014",2,"","s"
"1517","5141","203","2016",134,"I","b"
"1517","5141","203","2015",154,"I","b"
"1517","5141","203","2014",126,"I","b"
"1517","5423","203","2016",0.32,"E","i"
"1517","5423","203","2015",0.32,"E","i"
"1517","5423","203","2014",0.32,"E","i"
"1517","5610","203","2016",167,"","s"
"1517","5610","203","2015",199,"","s"
"1517","5610","203","2014",157,"","s"
"1517","5910","203","2016",33,"","s"
"1517","5910","203","2015",45,"","s"
"1517","5910","203","2014",31,"","s"
"1518","5141","203","2016",4,"I","b"
"1518","5141","203","2015",3,"I","b"
"1518","5141","203","2014",1,"I","b"
"1518","5423","203","2016",0.33,"E","i"
"1518","5423","203","2015",0.33,"E","i"
"1518","5423","203","2014",0.33,"E","i"
"1518","5610","203","2016",19,"","s"
"1518","5610","203","2015",3,"","s"
"1518","5610","203","2014",1,"","s"
"1518","5910","203","2016",15,"","s"
"1519","5141","203","2016",202,"I","b"
"1519","5141","203","2015",279,"I","b"
"1519","5141","203","2014",275,"I","b"
"1519","5423","203","2016",0.5,"E","i"
"1519","5423","203","2015",0.5,"E","i"
"1519","5423","203","2014",0.5,"E","i"
"1519","5610","203","2016",260,"","s"
"1519","5610","203","2015",339,"","s"
"1519","5610","203","2014",319,"","s"
"1519","5910","203","2016",58,"","s"
"1519","5910","203","2015",60,"","s"
"1519","5910","203","2014",44,"","s"
"1520","5141","203","2016",2080,"I","b"
"1520","5141","203","2015",2037,"I","b"
"1520","5141","203","2014",2100,"I","b"
"1520","5423","203","2016",1,"E","i"
"1520","5423","203","2015",1,"E","i"
"1520","5423","203","2014",1,"E","i"
"1520","5610","203","2016",2472,"","s"
"1520","5610","203","2015",2377,"","s"
"1520","5610","203","2014",2473,"","s"
"1520","5910","203","2016",392,"","s"
"1520","5910","203","2015",340,"","s"
"1520","5910","203","2014",373,"","s"
"1527","5023","203","2016",9,"E","i"
"1527","5023","203","2015",8,"E","i"
"1527","5023","203","2014",12,"E","i"
"1527","5141","203","2016",0,"I","b"
"1527","5141","203","2015",0,"I","b"
"1527","5141","203","2014",0,"I","b"
"1527","5610","203","2016",12,"","s"
"1527","5610","203","2015",12,"","s"
"1527","5610","203","2014",14,"","s"
"1527","5910","203","2016",3,"","s"
"1527","5910","203","2015",4,"","s"
"1527","5910","203","2014",2,"","s"
"1528","5023","203","2016",-2,"E","i"
"1528","5023","203","2015",-1,"E","i"
"1528","5141","203","2016",2,"I","b"
"1528","5141","203","2015",1,"I","b"
"1528","5302","203","2016",2.222222,"E","i"
"1528","5302","203","2015",1.111111,"E","i"
"1528","5423","203","2016",0.9,"E","i"
"1528","5423","203","2015",0.9,"E","i"
"1528","5510","203","2016",2,"I","i"
"1528","5510","203","2015",1,"I","i"
"1528","5910","203","2016",2,"","s"
"1528","5910","203","2015",1,"","s"
"1531","5141","203","2016",2464,"I","b"
"1531","5141","203","2015",2113,"I","b"
"1531","5141","203","2014",2116,"I","b"
"1531","5302","203","2016",5237.5,"E","i"
"1531","5302","203","2015",5145,"E","i"
"1531","5302","203","2014",4750,"E","i"
"1531","5423","203","2016",0.4,"E","i"
"1531","5423","203","2015",0.4,"E","i"
"1531","5423","203","2014",0.4,"E","i"
"1531","5510","203","2016",2095,"E","s"
"1531","5510","203","2015",2058,"E","s"
"1531","5510","203","2014",1900,"E","s"
"1531","5610","203","2016",870,"","s"
"1531","5610","203","2015",436,"","s"
"1531","5610","203","2014",538,"","s"
"1531","5910","203","2016",501,"","s"
"1531","5910","203","2015",381,"","s"
"1531","5910","203","2014",322,"","s"
"1532","5141","203","2016",7068,"I","b"
"1532","5141","203","2015",6551,"I","b"
"1532","5141","203","2014",3859,"I","b"
"1532","5423","203","2016",0.5,"E","i"
"1532","5423","203","2015",0.5,"E","i"
"1532","5423","203","2014",0.5,"E","i"
"1532","5610","203","2016",9718,"","s"
"1532","5610","203","2015",9250,"","s"
"1532","5610","203","2014",5427,"","s"
"1532","5910","203","2016",2650,"","s"
"1532","5910","203","2015",2699,"","s"
"1532","5910","203","2014",1568,"","s"
"1533","5141","203","2016",829,"I","b"
"1533","5141","203","2015",2121,"I","b"
"1533","5141","203","2014",2618,"I","b"
"1533","5423","203","2016",1,"E","i"
"1533","5423","203","2015",1,"E","i"
"1533","5423","203","2014",1,"E","i"
"1533","5610","203","2016",1727,"","s"
"1533","5610","203","2015",3395,"","s"
"1533","5610","203","2014",4155,"","s"
"1533","5910","203","2016",898,"","s"
"1533","5910","203","2015",1274,"","s"
"1533","5910","203","2014",1537,"","s"
"1544","5141","203","2016",125,"I","b"
"1544","5141","203","2015",112,"I","b"
"1544","5141","203","2014",100,"I","b"
"1544","5423","203","2016",0.4,"E","i"
"1544","5423","203","2015",0.4,"E","i"
"1544","5423","203","2014",0.4,"E","i"
"1544","5610","203","2016",127,"","s"
"1544","5610","203","2015",116,"","s"
"1544","5610","203","2014",106,"","s"
"1544","5910","203","2016",2,"","s"
"1544","5910","203","2015",4,"","s"
"1544","5910","203","2014",6,"","s"
"1546","5141","203","2015",7,"I","b"
"1546","5141","203","2014",5,"I","b"
"1546","5423","203","2015",1,"E","i"
"1546","5423","203","2014",1,"E","i"
"1546","5610","203","2015",7,"","s"
"1546","5610","203","2014",5,"","s"
"1550","5520","203","2016",3088,"I","b"
"1550","5520","203","2015",1318,"I","b"
"1550","5520","203","2014",1209,"I","b"
"1550","5610","203","2016",6756,"","s"
"1550","5610","203","2015",1744,"","s"
"1550","5610","203","2014",1438,"","s"
"1550","5910","203","2016",3668,"","s"
"1550","5910","203","2015",426,"E","s"
"1550","5910","203","2014",229,"E","s"
"1553","5023","203","2014",52,"E","i"
"1553","5141","203","2014",0,"I","b"
"1553","5141","203","2016",35,"I","b"
"1553","5141","203","2015",49,"I","b"
"1553","5610","203","2016",36,"","s"
"1553","5610","203","2015",52,"","s"
"1553","5610","203","2014",55,"","s"
"1553","5910","203","2016",1,"","s"
"1553","5910","203","2015",3,"","s"
"1553","5910","203","2014",3,"","s"
"1554","5023","203","2014",88.8,"E","i"
"1554","5141","203","2014",355.2,"I","b"
"1554","5141","203","2016",275,"I","b"
"1554","5141","203","2015",272,"I","b"
"1554","5423","203","2016",0.6,"E","i"
"1554","5423","203","2015",0.6,"E","i"
"1554","5423","203","2014",0.6,"E","i"
"1554","5610","203","2016",297,"","s"
"1554","5610","203","2015",274,"","s"
"1554","5610","203","2014",458,"","s"
"1554","5910","203","2016",22,"","s"
"1554","5910","203","2015",2,"","s"
"1554","5910","203","2014",14,"","s"
"1556","5141","203","2014",0,"I","b"
"1556","5141","203","2016",10,"I","b"
"1556","5141","203","2015",9,"I","b"
"1556","5302","203","2014",200,"E","i"
"1556","5423","203","2016",0.25,"E","i"
"1556","5423","203","2015",0.25,"E","i"
"1556","5423","203","2014",0.25,"E","i"
"1556","5510","203","2014",50,"I","i"
"1556","5610","203","2016",10,"","s"
"1556","5610","203","2015",9,"","s"
"1556","5610","203","2014",84,"","s"
"1556","5910","203","2014",134,"","s"
"1562","5141","203","2016",109,"I","b"
"1562","5141","203","2015",140,"I","b"
"1562","5141","203","2014",125,"I","b"
"1562","5610","203","2016",151,"","s"
"1562","5610","203","2015",162,"","s"
"1562","5610","203","2014",144,"","s"
"1562","5910","203","2016",42,"","s"
"1562","5910","203","2015",22,"","s"
"1562","5910","203","2014",19,"","s"
"1563","5141","203","2016",40,"I","b"
"1563","5141","203","2015",38,"I","b"
"1563","5141","203","2014",32,"I","b"
"1563","5423","203","2016",0.3,"E","i"
"1563","5423","203","2015",0.3,"E","i"
"1563","5423","203","2014",0.3,"E","i"
"1563","5610","203","2016",45,"","s"
"1563","5610","203","2015",42,"","s"
"1563","5610","203","2014",39,"","s"
"1563","5910","203","2016",5,"","s"
"1563","5910","203","2015",4,"","s"
"1563","5910","203","2014",7,"","s"
"1564","5141","203","2016",3,"I","b"
"1564","5141","203","2015",4,"I","b"
"1564","5141","203","2014",7,"I","b"
"1564","5423","203","2016",0.15,"E","i"
"1564","5423","203","2015",0.15,"E","i"
"1564","5423","203","2014",0.15,"E","i"
"1564","5610","203","2016",3,"","s"
"1564","5610","203","2015",4,"","s"
"1564","5610","203","2014",8,"","s"
"1564","5910","203","2014",1,"","s"
"1565","5141","203","2016",96,"I","b"
"1565","5141","203","2015",44,"I","b"
"1565","5141","203","2014",37,"I","b"
"1565","5423","203","2016",0.15,"E","i"
"1565","5423","203","2015",0.15,"E","i"
"1565","5423","203","2014",0.15,"E","i"
"1565","5610","203","2016",109,"","s"
"1565","5610","203","2015",62,"","s"
"1565","5610","203","2014",57,"","s"
"1565","5910","203","2016",13,"","s"
"1565","5910","203","2015",18,"","s"
"1565","5910","203","2014",20,"","s"
"1570","5141","203","2016",-1,"I","b"
"1570","5141","203","2015",0,"I","b"
"1570","5141","203","2014",4,"I","b"
"1570","5610","203","2016",9,"","s"
"1570","5610","203","2015",12,"","s"
"1570","5610","203","2014",14,"","s"
"1570","5910","203","2016",10,"","s"
"1570","5910","203","2015",12,"","s"
"1570","5910","203","2014",10,"","s"
"1571","5141","203","2016",83,"I","b"
"1571","5141","203","2015",151,"I","b"
"1571","5141","203","2014",113,"I","b"
"1571","5423","203","2016",1,"E","i"
"1571","5423","203","2015",1,"E","i"
"1571","5423","203","2014",1,"E","i"
"1571","5610","203","2016",129,"","s"
"1571","5610","203","2015",166,"","s"
"1571","5610","203","2014",129,"","s"
"1571","5910","203","2016",46,"","s"
"1571","5910","203","2015",15,"","s"
"1571","5910","203","2014",16,"","s"
"1572","5141","203","2016",8,"I","b"
"1572","5141","203","2015",2,"I","b"
"1572","5141","203","2014",4,"I","b"
"1572","5423","203","2016",0.25,"E","i"
"1572","5423","203","2015",0.25,"E","i"
"1572","5423","203","2014",0.25,"E","i"
"1572","5610","203","2016",8,"","s"
"1572","5610","203","2015",2,"","s"
"1572","5610","203","2014",4,"","s"
"1587","5023","203","2016",2,"E","i"
"1587","5141","203","2016",0,"I","b"
"1587","5141","203","2015",-1,"I","b"
"1587","5610","203","2016",2,"","s"
"1587","5910","203","2015",1,"","s"
"1590","5141","203","2016",0,"I","b"
"1590","5141","203","2015",0,"I","b"
"1590","5141","203","2014",0,"I","b"
"1590","5302","203","2016",2,"E","i"
"1590","5302","203","2015",2,"E","i"
"1590","5302","203","2014",2,"E","i"
"1590","5423","203","2016",0.5,"E","i"
"1590","5423","203","2015",0.5,"E","i"
"1590","5423","203","2014",0.5,"E","i"
"1590","5510","203","2016",1,"I","i"
"1590","5510","203","2015",1,"I","i"
"1590","5510","203","2014",1,"I","i"
"1590","5910","203","2016",1,"","s"
"1590","5910","203","2015",1,"","s"
"1590","5910","203","2014",1,"","s"
"1591","5166","203","2016",0,"I","b"
"1591","5166","203","2014",0,"I","b"
"1591","5166","203","2015",54,"I","b"
"1591","5510","203","2016",6,"I","i"
"1591","5510","203","2014",29,"I","i"
"1591","5610","203","2016",94,"","s"
"1591","5610","203","2015",136,"","s"
"1591","5610","203","2014",79,"","s"
"1591","5910","203","2016",100,"","s"
"1591","5910","203","2015",82,"","s"
"1591","5910","203","2014",108,"","s"
"1594","5166","203","2016",185,"I","b"
"1594","5166","203","2015",200,"I","b"
"1594","5166","203","2014",229,"I","b"
"1594","5610","203","2016",215,"","s"
"1594","5610","203","2015",217,"","s"
"1594","5610","203","2014",272,"","s"
"1594","5910","203","2016",30,"","s"
"1594","5910","203","2015",17,"","s"
"1594","5910","203","2014",43,"","s"
"1501","261","203","2016",0,"I","i"
"1501","261","203","2015",0,"I","i"
"1501","261","203","2014",0,"I","i"
"1502","261","203","2016",0,"I","i"
"1502","261","203","2015",0,"I","i"
"1502","261","203","2014",0,"I","i"
"1503","261","203","2016",0,"I","i"
"1503","261","203","2015",0,"I","i"
"1503","261","203","2014",0,"I","i"
"1504","261","203","2016",9379.733082,"I","i"
"1504","261","203","2015",93830.856407,"I","i"
"1504","261","203","2014",225349.606323,"I","i"
"1505","261","203","2016",472824,"I","i"
"1505","261","203","2015",450138,"I","i"
"1505","261","203","2014",414318,"I","i"
"1506","261","203","2016",1160971,"I","i"
"1506","261","203","2015",1176910,"I","i"
"1506","261","203","2014",1050203,"I","i"
"1507","261","203","2016",53186,"I","i"
"1507","261","203","2015",65500,"I","i"
"1507","261","203","2014",52924,"I","i"
"1514","261","203","2016",6678,"I","i"
"1514","261","203","2015",2604,"I","i"
"1514","261","203","2014",2940,"I","i"
"1515","261","203","2016",1974,"I","i"
"1515","261","203","2015",2772,"I","i"
"1515","261","203","2014",5502,"I","i"
"1516","261","203","2016",1080,"I","i"
"1516","261","203","2015",9180,"I","i"
"1516","261","203","2014",27000,"I","i"
"1517","261","203","2016",12060,"I","i"
"1517","261","203","2015",13860,"I","i"
"1517","261","203","2014",11340,"I","i"
"1518","261","203","2016",744,"I","i"
"1518","261","203","2015",558,"I","i"
"1518","261","203","2014",186,"I","i"
"1519","261","203","2016",34946,"I","i"
"1519","261","203","2015",48267,"I","i"
"1519","261","203","2014",47575,"I","i"
"1520","261","203","2016",665600,"I","i"
"1520","261","203","2015",651840,"I","i"
"1520","261","203","2014",672000,"I","i"
"1527","261","203","2016",0,"I","i"
"1527","261","203","2015",0,"I","i"
"1527","261","203","2014",0,"I","i"
"1528","261","203","2016",172,"I","i"
"1528","261","203","2015",86,"I","i"
"1531","261","203","2016",384384,"I","i"
"1531","261","203","2015",329628,"I","i"
"1531","261","203","2014",330096,"I","i"
"1532","261","203","2016",1307580,"I","i"
"1532","261","203","2015",1211935,"I","i"
"1532","261","203","2014",713915,"I","i"
"1533","261","203","2016",263622,"I","i"
"1533","261","203","2015",674478,"I","i"
"1533","261","203","2014",832524,"I","i"
"1544","261","203","2016",21125,"I","i"
"1544","261","203","2015",18928,"I","i"
"1544","261","203","2014",16900,"I","i"
"1546","261","203","2015",924,"I","i"
"1546","261","203","2014",660,"I","i"
"1553","261","203","2014",0,"I","i"
"1553","261","203","2016",1645,"I","i"
"1553","261","203","2015",2303,"I","i"
"1554","261","203","2014",32323.2,"I","i"
"1554","261","203","2016",25025,"I","i"
"1554","261","203","2015",24752,"I","i"
"1556","261","203","2014",0,"I","i"
"1556","261","203","2016",980,"I","i"
"1556","261","203","2015",882,"I","i"
"1562","261","203","2016",1635,"I","i"
"1562","261","203","2015",2100,"I","i"
"1562","261","203","2014",1875,"I","i"
"1563","261","203","2016",2840,"I","i"
"1563","261","203","2015",2698,"I","i"
"1563","261","203","2014",2272,"I","i"
"1564","261","203","2016",1035,"I","i"
"1564","261","203","2015",1380,"I","i"
"1564","261","203","2014",2415,"I","i"
"1565","261","203","2016",9408,"I","i"
"1565","261","203","2015",4312,"I","i"
"1565","261","203","2014",3626,"I","i"
"1570","261","203","2016",-66,"I","i"
"1570","261","203","2015",0,"I","i"
"1570","261","203","2014",264,"I","i"
"1571","261","203","2016",6142,"I","i"
"1571","261","203","2015",11174,"I","i"
"1571","261","203","2014",8362,"I","i"
"1572","261","203","2016",2728,"I","i"
"1572","261","203","2015",682,"I","i"
"1572","261","203","2014",1364,"I","i"
"1587","261","203","2016",0,"I","i"
"1587","261","203","2015",-30,"I","i"
"1590","261","203","2016",0,"I","i"
"1590","261","203","2015",0,"I","i"
"1590","261","203","2014",0,"I","i"
"1501","271","203","2016",0,"I","i"
"1501","271","203","2015",0,"I","i"
"1501","271","203","2014",0,"I","i"
"1502","271","203","2016",0,"I","i"
"1502","271","203","2015",0,"I","i"
"1502","271","203","2014",0,"I","i"
"1503","271","203","2016",0,"I","i"
"1503","271","203","2015",0,"I","i"
"1503","271","203","2014",0,"I","i"
"1504","271","203","2016",1499.2801698,"I","i"
"1504","271","203","2015",14998.1605123,"I","i"
"1504","271","203","2014",36020.4488847,"I","i"
"1505","271","203","2016",74368.8,"I","i"
"1505","271","203","2015",70800.6,"I","i"
"1505","271","203","2014",65166.6,"I","i"
"1506","271","203","2016",142777.8,"I","i"
"1506","271","203","2015",144738,"I","i"
"1506","271","203","2014",129155.4,"I","i"
"1507","271","203","2016",5460.7,"I","i"
"1507","271","203","2015",6725,"I","i"
"1507","271","203","2014",5433.8,"I","i"
"1514","271","203","2016",1319.7,"I","i"
"1514","271","203","2015",514.6,"I","i"
"1514","271","203","2014",581,"I","i"
"1515","271","203","2016",390.1,"I","i"
"1515","271","203","2015",547.8,"I","i"
"1515","271","203","2014",1087.3,"I","i"
"1516","271","203","2016",214.8,"I","i"
"1516","271","203","2015",1825.8,"I","i"
"1516","271","203","2014",5370,"I","i"
"1517","271","203","2016",2398.6,"I","i"
"1517","271","203","2015",2756.6,"I","i"
"1517","271","203","2014",2255.4,"I","i"
"1518","271","203","2016",151.6,"I","i"
"1518","271","203","2015",113.7,"I","i"
"1518","271","203","2014",37.9,"I","i"
"1519","271","203","2016",5050,"I","i"
"1519","271","203","2015",6975,"I","i"
"1519","271","203","2014",6875,"I","i"
"1520","271","203","2016",52000,"I","i"
"1520","271","203","2015",50925,"I","i"
"1520","271","203","2014",52500,"I","i"
"1527","271","203","2016",0,"I","i"
"1527","271","203","2015",0,"I","i"
"1527","271","203","2014",0,"I","i"
"1528","271","203","2016",25.2,"I","i"
"1528","271","203","2015",12.6,"I","i"
"1531","271","203","2016",65049.6,"I","i"
"1531","271","203","2015",55783.2,"I","i"
"1531","271","203","2014",55862.4,"I","i"
"1532","271","203","2016",147014.4,"I","i"
"1532","271","203","2015",136260.8,"I","i"
"1532","271","203","2014",80267.2,"I","i"
"1533","271","203","2016",36641.8,"I","i"
"1533","271","203","2015",93748.2,"I","i"
"1533","271","203","2014",115715.6,"I","i"
"1544","271","203","2016",4012.5,"I","i"
"1544","271","203","2015",3595.2,"I","i"
"1544","271","203","2014",3210,"I","i"
"1546","271","203","2015",122.5,"I","i"
"1546","271","203","2014",87.5,"I","i"
"1553","271","203","2014",0,"I","i"
"1553","271","203","2016",325.5,"I","i"
"1553","271","203","2015",455.7,"I","i"
"1554","271","203","2014",6535.68,"I","i"
"1554","271","203","2016",5060,"I","i"
"1554","271","203","2015",5004.8,"I","i"
"1556","271","203","2014",0,"I","i"
"1556","271","203","2016",198,"I","i"
"1556","271","203","2015",178.2,"I","i"
"1562","271","203","2016",250.7,"I","i"
"1562","271","203","2015",322,"I","i"
"1562","271","203","2014",287.5,"I","i"
"1563","271","203","2016",420,"I","i"
"1563","271","203","2015",399,"I","i"
"1563","271","203","2014",336,"I","i"
"1564","271","203","2016",148.2,"I","i"
"1564","271","203","2015",197.6,"I","i"
"1564","271","203","2014",345.8,"I","i"
"1565","271","203","2016",1430.4,"I","i"
"1565","271","203","2015",655.6,"I","i"
"1565","271","203","2014",551.3,"I","i"
"1570","271","203","2016",-13.5,"I","i"
"1570","271","203","2015",0,"I","i"
"1570","271","203","2014",54,"I","i"
"1571","271","203","2016",1253.3,"I","i"
"1571","271","203","2015",2280.1,"I","i"
"1571","271","203","2014",1706.3,"I","i"
"1572","271","203","2016",492.8,"I","i"
"1572","271","203","2015",123.2,"I","i"
"1572","271","203","2014",246.4,"I","i"
"1587","271","203","2016",0,"I","i"
"1587","271","203","2015",-4,"I","i"
"1590","271","203","2016",0,"I","i"
"1590","271","203","2015",0,"I","i"
"1590","271","203","2014",0,"I","i"
"1501","281","203","2016",0,"I","i"
"1501","281","203","2015",0,"I","i"
"1501","281","203","2014",0,"I","i"
"1502","281","203","2016",0,"I","i"
"1502","281","203","2015",0,"I","i"
"1502","281","203","2014",0,"I","i"
"1503","281","203","2016",0,"I","i"
"1503","281","203","2015",0,"I","i"
"1503","281","203","2014",0,"I","i"
"1504","281","203","2016",332.352747,"I","i"
"1504","281","203","2015",3324.7153845,"I","i"
"1504","281","203","2014",7984.8285705,"I","i"
"1505","281","203","2016",17107.2,"I","i"
"1505","281","203","2015",16286.4,"I","i"
"1505","281","203","2014",14990.4,"I","i"
"1506","281","203","2016",60572.4,"I","i"
"1506","281","203","2015",61404,"I","i"
"1506","281","203","2014",54793.2,"I","i"
"1507","281","203","2016",3045,"I","i"
"1507","281","203","2015",3750,"I","i"
"1507","281","203","2014",3030,"I","i"
"1514","281","203","2016",127.2,"I","i"
"1514","281","203","2015",49.6,"I","i"
"1514","281","203","2014",56,"I","i"
"1515","281","203","2016",37.6,"I","i"
"1515","281","203","2015",52.8,"I","i"
"1515","281","203","2014",104.8,"I","i"
"1516","281","203","2016",19.2,"I","i"
"1516","281","203","2015",163.2,"I","i"
"1516","281","203","2014",480,"I","i"
"1517","281","203","2016",214.4,"I","i"
"1517","281","203","2015",246.4,"I","i"
"1517","281","203","2014",201.6,"I","i"
"1518","281","203","2016",7.6,"I","i"
"1518","281","203","2015",5.7,"I","i"
"1518","281","203","2014",1.9,"I","i"
"1519","281","203","2016",1272.6,"I","i"
"1519","281","203","2015",1757.7,"I","i"
"1519","281","203","2014",1732.5,"I","i"
"1520","281","203","2016",48880,"I","i"
"1520","281","203","2015",47869.5,"I","i"
"1520","281","203","2014",49350,"I","i"
"1527","281","203","2016",0,"I","i"
"1527","281","203","2015",0,"I","i"
"1527","281","203","2014",0,"I","i"
"1528","281","203","2016",7.2,"I","i"
"1528","281","203","2015",3.6,"I","i"
"1531","281","203","2016",11088,"I","i"
"1531","281","203","2015",9508.5,"I","i"
"1531","281","203","2014",9522,"I","i"
"1532","281","203","2016",72093.6,"I","i"
"1532","281","203","2015",66820.2,"I","i"
"1532","281","203","2014",39361.8,"I","i"
"1533","281","203","2016",11274.4,"I","i"
"1533","281","203","2015",28845.6,"I","i"
"1533","281","203","2014",35604.8,"I","i"
"1544","281","203","2016",400,"I","i"
"1544","281","203","2015",358.4,"I","i"
"1544","281","203","2014",320,"I","i"
"1546","281","203","2015",35,"I","i"
"1546","281","203","2014",25,"I","i"
"1553","281","203","2014",0,"I","i"
"1553","281","203","2016",17.5,"I","i"
"1553","281","203","2015",24.5,"I","i"
"1554","281","203","2014",284.16,"I","i"
"1554","281","203","2016",220,"I","i"
"1554","281","203","2015",217.6,"I","i"
"1556","281","203","2014",0,"I","i"
"1556","281","203","2016",11,"I","i"
"1556","281","203","2015",9.9,"I","i"
"1562","281","203","2016",21.8,"I","i"
"1562","281","203","2015",28,"I","i"
"1562","281","203","2014",25,"I","i"
"1563","281","203","2016",48,"I","i"
"1563","281","203","2015",45.6,"I","i"
"1563","281","203","2014",38.4,"I","i"
"1564","281","203","2016",14.1,"I","i"
"1564","281","203","2015",18.8,"I","i"
"1564","281","203","2014",32.9,"I","i"
"1565","281","203","2016",249.6,"I","i"
"1565","281","203","2015",114.4,"I","i"
"1565","281","203","2014",96.2,"I","i"
"1570","281","203","2016",-0.7,"I","i"
"1570","281","203","2015",0,"I","i"
"1570","281","203","2014",2.8,"I","i"
"1571","281","203","2016",74.7,"I","i"
"1571","281","203","2015",135.9,"I","i"
"1571","281","203","2014",101.7,"I","i"
"1572","281","203","2016",49.6,"I","i"
"1572","281","203","2015",12.4,"I","i"
"1572","281","203","2014",24.8,"I","i"
"1587","281","203","2016",0,"I","i"
"1587","281","203","2015",-0.2,"I","i"
"1590","281","203","2016",0,"I","i"
"1590","281","203","2015",0,"I","i"
"1590","281","203","2014",0,"I","i"
