8,EXP,1991,LAST,1541,1.00,1515
8,EXP,1990,LAST,1545,1.00,1532
8,EXP,1976,1995,1554,1.00,1562
8,PRD,1991,LAST,1541,1.00,1515
8,PRD,1990,LAST,1545,1.00,1532
8,TRD,1976,LAST,1547,1.00,1534
12,EXP,1976,LAST,1540,1.00,1527
12,IMP,1976,1984,1540,1.00,1527
12,TRD,1976,LAST,1541,1.00,1528
12,TRD,1976,LAST,1542,1.00,1530
12,TRD,1976,LAST,1543,1.00,1530
12,TRD,1976,LAST,1544,1.00,1531
12,TRD,1976,LAST,1545,1.00,1532
12,TRD,1976,LAST,1546,1.00,1533
12,TRD,1976,LAST,1548,1.00,1535
12,TRD,1976,LAST,1549,1.00,1523
12,TRD,1976,LAST,1563,1.00,1564
24,IMP,1976,LAST,1519,1.00,1520
24,EXP,2016,2016,1558,1.00,1559
24,PRD,1976,LAST,1541,1.00,1528
24,PRD,1976,LAST,1544,1.00,1531
24,PRD,1976,LAST,1545,1.00,1532
24,PRD,1976,LAST,1548,1.00,1535
24,TRD,1976,LAST,1504,1.00,1503
24,TRD,1976,LAST,1507,1.00,1506
24,TRD,1976,LAST,1540,1.00,1527
24,TRD,1976,LAST,1541,1.00,1528
24,TRD,1976,LAST,1542,1.00,1516
24,TRD,1976,LAST,1543,1.00,1517
24,TRD,1976,LAST,1544,1.00,1531
24,TRD,1976,LAST,1545,1.00,1532
24,TRD,1976,LAST,1548,1.00,1535
24,TRD,1976,LAST,1549,1.00,1535
24,TRD,1976,LAST,1562,1.00,1563
28,EXP,1976,LAST,1514,1.00,1540
28,EXP,1976,LAST,1517,1.00,1543
28,EXP,1976,LAST,1527,1.00,1540
28,EXP,1976,LAST,1528,1.00,1515
32,EXP,1976,LAST,1521,1.00,1524
32,EXP,1976,1986,1534,1.00,1521
32,EXP,1987,LAST,1534,1.00,1524
32,EXP,1991,LAST,1545,1.00,1519
32,EXP,1976,1990,1545,1.00,1532
32,EXP,1999,LAST,1558,1.00,1559
32,EXP,1998,2000,1563,1.00,1571
32,EXP,1991,1991,1533,1.00,1532
32,EXP,1982,1982,1553,1.00,1571
32,IMP,1976,LAST,1545,1.00,1532
32,PRD,1987,LAST,1521,1.00,1524
32,PRD,1976,LAST,1541,1.00,1515
32,PRD,1976,LAST,1542,1.00,1516
32,PRD,1976,LAST,1543,1.00,1517
32,PRD,1976,LAST,1544,1.00,1518
32,PRD,1976,LAST,1545,1.00,1519
32,PRD,1976,LAST,1548,1.00,1522
32,PRD,1976,LAST,1549,1.00,1523
32,TRD,1976,LAST,1540,1.00,1514
32,TRD,1976,LAST,1541,1.00,1515
32,TRD,1976,LAST,1542,1.00,1516
32,TRD,1976,LAST,1543,1.00,1517
32,TRD,1976,LAST,1544,1.00,1518
32,TRD,1976,LAST,1546,1.00,1520
32,TRD,1976,LAST,1548,1.00,1522
32,TRD,1976,LAST,1549,1.00,1523
32,TRD,1976,LAST,1550,1.00,1524
51,EXP,2000,2000,1515,1.00,1528
51,EXP,2017,2017,1514,1.00,1515
51,IMP,2009,2009,1516,1.00,1517
51,IMP,2017,2017,1516,1.00,1517
51,EXP,2013,2017,1503,1.00,1504
51,EXP,1996,LAST,1546,1.00,1520
51,IMP,1997,1999,1546,1.00,1520
51,EXP,2000,2017,1540,1.00,1501
51,EXP,2001,2002,1541,1.00,1501
51,EXP,2005,2017,1542,1.00,1517
51,EXP,2003,2004,1544,1.00,1531
51,EXP,1999,LAST,1554,1.00,1553
51,TRD,1992,LAST,1502,1.00,1501
51,TRD,1992,LAST,1543,1.00,1517
51,TRD,1992,LAST,1547,1.00,1534
533,EXP,1976,LAST,1553,1.00,1554
533,IMP,1976,LAST,1519,1.00,1520
533,TRD,1976,LAST,1545,1.00,1532
36,EXP,1976,1979,1528,1.00,1541
36,EXP,2012,2017,1588,1.00,1590
36,PRD,1976,1979,1528,1.00,1541
36,PRD,1976,LAST,1543,1.00,1517
36,PRD,1976,LAST,1545,1.00,1532
36,PRD,1976,LAST,1549,1.00,1523
36,TRD,1998,LAST,1540,1.00,1527
36,TRD,1976,LAST,1542,1.00,1516
36,TRD,1976,LAST,1543,1.00,1517
36,TRD,1976,LAST,1548,1.00,1535
36,TRD,1976,LAST,1549,1.00,1523
40,TRD,1976,LAST,1547,1.00,1550
40,EXP,1981,1984,1528,1.00,1527
40,EXP,1988,1988,1558,1.00,1534
40,EXP,1992,1992,1558,1.00,1534
40,EXP,2012,2012,1542,1.00,1543
40,EXP,2015,2015,1542,1.00,1543
31,EXP,1992,LAST,1540,1.00,1514
31,EXP,1992,LAST,1546,1.00,1507
31,EXP,1992,LAST,1553,1.00,1554
31,TRD,1992,LAST,1534,1.00,1537
31,IMP,1992,LAST,1541,1.00,1528
31,EXP,1998,1998,1541,1.00,1528
31,EXP,2004,2004,1541,1.00,1528
31,EXP,1996,1996,1541,1.00,1502
31,EXP,2005,2005,1541,1.00,1502
31,EXP,2006,2006,1541,1.00,1528
31,TRD,1992,LAST,1542,1.00,1516
31,TRD,1992,LAST,1543,1.00,1517
31,TRD,1992,LAST,1548,1.00,1535
31,TRD,1992,LAST,1557,1.00,1556
31,EXP,1999,2000,1514,1.00,1501
31,EXP,1998,1998,1515,1.00,1502
31,EXP,1996,1998,1527,1.00,1528
31,EXP,1996,1996,1528,1.00,1502
31,EXP,1999,1999,1528,1.00,1502
31,EXP,2003,2003,1527,1.00,1528
31,EXP,2005,2005,1528,1.00,1502
31,EXP,2005,2005,1562,1.00,1501
44,EXP,1999,LAST,1528,1.00,1515
48,EXP,1976,LAST,1540,1.00,1514
48,EXP,1976,LAST,1571,1.00,1570
48,EXP,1997,1997,1563,1.00,1554
48,EXP,2002,2002,1563,1.00,1554
48,EXP,2005,2005,1563,1.00,1554
48,EXP,2014,2017,1563,1.00,1554
48,EXP,1997,1997,1562,1.00,1570
48,EXP,2005,2007,1562,1.00,1587
48,EXP,2011,2013,1562,1.00,1587
48,EXP,2012,2012,1563,1.00,1571
48,EXP,2013,2017,1573,1.00,1556
48,EXP,2014,2014,1590,1.00,1556
48,EXP,2016,2016,1590,1.00,1556
50,TRD,1976,LAST,1542,1.00,1543
50,TRD,1976,LAST,1556,1.00,1555
50,IMP,2016,2016,1507,1.00,1506
50,EXP,2010,2010,1516,1.00,1517
50,IMP,2016,2016,1564,1.00,1555
50,EXP,1989,1990,1570,1.00,1562
50,EXP,1989,1993,1563,1.00,1562
112,TRD,1992,LAST,1545,1.00,1532
56,PRD,1976,1999,1533,1.00,1546
56,PRD,1976,LAST,1534,1.00,1537
56,PRD,1995,LAST,1541,1.00,1515
56,PRD,1976,LAST,1542,1.00,1516
56,PRD,1976,LAST,1543,1.00,1517
56,PRD,1993,LAST,1544,1.00,1518
56,PRD,1993,LAST,1545,1.00,1519
56,PRD,1976,1983,1545,1.00,1532
56,PRD,1976,LAST,1546,1.00,1520
56,PRD,1976,LAST,1547,1.00,1537
56,PRD,1976,LAST,1548,1.00,1522
56,PRD,1976,LAST,1554,1.00,1563
56,TRD,2000,LAST,1540,1.00,1514
56,TRD,1976,LAST,1547,1.00,1537
56,TRD,1976,LAST,1548,1.00,1522
56,TRD,1976,LAST,1549,1.00,1523
56,TRD,2017,2017,1541,1.00,1528
84,EXP,1976,LAST,1542,1.00,1543
84,PRD,1993,LAST,1543,1.00,1530
84,PRD,1995,LAST,1544,1.00,1531
84,TRD,1976,LAST,1528,1.00,1527
84,TRD,1976,LAST,1541,1.00,1540
84,TRD,1993,LAST,1543,1.00,1530
84,TRD,1995,LAST,1544,1.00,1531
204,EXP,1976,LAST,1515,1.00,1514
204,EXP,1976,1982,1544,1.00,1505
204,IMP,1992,1992,1507,1.00,1506
204,IMP,1998,1998,1531,1.00,1544
204,IMP,1976,LAST,1547,1.00,1534
204,TRD,1976,LAST,1546,1.00,1545
204,TRD,1976,LAST,1549,1.00,1523
204,IMP,2014,2014,1571,1.00,1562
204,EXP,1998,1998,1563,1.00,1562
204,IMP,1999,LAST,1563,1.00,1562
204,EXP,1999,2001,1571,1.00,1562
204,EXP,2003,2004,1571,1.00,1570
204,EXP,2006,2006,1571,1.00,1570
204,EXP,1998,2002,1570,1.00,1553
204,EXP,2005,2005,1571,1.00,1553
204,EXP,2009,2009,1571,1.00,1553
60,TRD,1976,LAST,1504,1.00,1503
68,EXP,1976,LAST,1540,1.00,1527
68,EXP,1976,LAST,1541,1.00,1528
68,TRD,1976,LAST,1570,1.00,1571
68,IMP,1995,1995,1520,1.00,1519
68,IMP,1990,1990,1555,1.00,1556
70,EXP,2002,2003,1542,1.00,1543
70,EXP,2000,LAST,1553,1.00,1554
70,TRD,1992,LAST,1504,1.00,1503
70,TRD,1992,LAST,1514,1.00,1515
70,TRD,1992,LAST,1516,1.00,1517
70,TRD,1992,LAST,1535,1.00,1548
70,TRD,1992,LAST,1547,1.00,1534
70,TRD,1992,LAST,1557,1.00,1556
70,IMP,1992,LAST,1562,1.00,1563
70,TRD,1992,LAST,1570,1.00,1571
70,EXP,2007,2011,1531,1.00,1544
70,EXP,2012,2017,1531,1.00,1518
70,EXP,2000,2002,1540,1.00,1541
70,EXP,2004,2007,1540,1.00,1541
70,EXP,2015,2016,1542,1.00,1517
70,EXP,2004,2004,1562,1.00,1571
70,EXP,2004,2004,1564,1.00,1572
70,EXP,2004,2004,1587,1.00,1571
70,EXP,2014,2015,1587,1.00,1571
70,EXP,2005,2014,1562,1.00,1563
70,EXP,2015,2017,1562,1.00,1571
70,EXP,2004,2004,1563,1.00,1571
70,EXP,2015,2017,1563,1.00,1571
72,EXP,1976,LAST,1507,1.00,1506
72,EXP,1998,1998,1527,1.00,1528
72,EXP,2002,LAST,1540,1.00,1515
72,EXP,1999,LAST,1541,1.00,1528
72,EXP,1999,LAST,1545,1.00,1532
72,EXP,1995,1995,1562,1.00,1563
72,EXP,1990,1990,1565,1.00,1556
72,IMP,1999,LAST,1541,1.00,1515
72,IMP,1999,LAST,1545,1.00,1532
72,TRD,1999,LAST,1546,1.00,1532
72,IMP,2017,2017,1516,1.00,1517
72,EXP,2014,2014,1544,1.00,1505
72,EXP,2017,2017,1564,1.00,1506
72,EXP,2016,2016,1527,1.00,1528
72,EXP,2005,2005,1565,1.00,1556
72,EXP,2006,2006,1590,1.00,1556
72,EXP,2010,2010,1557,1.00,1556
76,EXP,1990,1990,1558,1.00,1537
76,EXP,1976,LAST,1571,1.00,1570
76,EXP,1982,1982,1558,1.00,1591
76,EXP,2012,2012,1590,1.00,1587
76,EXP,1999,1999,1558,1.00,1591
76,PRD,1976,1981,1541,1.00,1515
76,PRD,1976,LAST,1542,1.00,1516
76,PRD,1976,LAST,1543,1.00,1517
76,PRD,1976,LAST,1544,1.00,1518
76,PRD,1976,LAST,1545,1.00,1532
76,PRD,1976,LAST,1548,1.00,1535
76,TRD,1976,1981,1540,1.00,1514
76,TRD,1976,1981,1541,1.00,1515
76,TRD,1976,LAST,1542,1.00,1516
76,TRD,1976,LAST,1543,1.00,1517
76,TRD,1976,LAST,1545,1.00,1532
76,TRD,1976,LAST,1548,1.00,1535
76,TRD,1976,LAST,1549,1.00,1523
96,TRD,1993,LAST,1518,1.00,1520
96,IMP,2007,2007,1516,1.00,1517
96,IMP,2010,2010,1529,1.00,1530
96,EXP,2013,2014,1530,1.00,1543
96,EXP,2011,2017,1534,1.00,1547
96,EXP,1997,1997,1557,1.00,1556
96,IMP,1995,1995,1507,1.00,1506
96,IMP,1993,1995,1516,1.00,1517
96,IMP,1986,1986,1518,1.00,1544
100,EXP,1976,1991,1544,1.00,1531
100,EXP,1999,1999,1553,1.00,1554
100,EXP,1993,1993,1562,1.00,1570
100,EXP,1993,1993,1563,1.00,1571
100,IMP,1976,LAST,1503,1.00,1504
100,IMP,1976,1992,1540,1.00,1514
100,IMP,1976,1991,1544,1.00,1531
100,IMP,1998,1998,1553,1.00,1554
100,IMP,1976,LAST,1574,1.00,1556
100,PRD,1976,LAST,1534,1.00,1537
100,PRD,1976,LAST,1541,1.00,1528
100,PRD,1976,LAST,1542,1.00,1529
100,PRD,1976,LAST,1544,1.00,1531
100,PRD,1976,LAST,1545,1.00,1532
100,PRD,1976,LAST,1546,1.00,1533
100,PRD,1976,LAST,1547,1.00,1550
100,PRD,1976,LAST,1548,1.00,1535
100,TRD,1976,LAST,1545,1.00,1532
100,TRD,1976,LAST,1546,1.00,1533
100,TRD,1976,LAST,1547,1.00,1550
100,TRD,1976,LAST,1548,1.00,1535
100,TRD,1976,LAST,1557,1.00,1556
100,EXP,2017,2017,1516,1.00,1517
100,EXP,2017,2017,1534,1.00,1537
100,EXP,2017,2017,1540,1.00,1541
100,EXP,2011,2011,1540,1.00,1541
100,EXP,1998,1998,1542,1.00,1543
100,EXP,2000,2000,1542,1.00,1543
100,EXP,2017,2017,1553,1.00,1554
100,EXP,1995,1997,1541,1.00,1528
100,EXP,1999,1999,1540,1.00,1541
100,EXP,1995,1997,1540,1.00,1541
100,EXP,1994,1994,1540,1.00,1501
100,EXP,1993,1993,1540,1.00,1527
100,EXP,2000,2011,1590,1.00,1565
854,EXP,2008,2008,1514,1.00,1528
854,EXP,1976,LAST,1531,1.00,1544
854,EXP,1999,2003,1534,1.00,1550
854,IMP,2003,2003,1530,1.00,1543
854,IMP,1997,2003,1571,1.00,1570
854,TRD,1976,LAST,1503,1.00,1501
854,TRD,1976,LAST,1554,1.00,1553
854,TRD,1976,LAST,1563,1.00,1562
854,EXP,2016,2017,1528,1.00,1502
854,IMP,2006,2006,1507,1.00,1506
854,EXP,2005,2005,1541,1.00,1528
108,IMP,2001,2001,1540,1.00,1541
108,IMP,2005,2005,1563,1.00,1562
108,TRD,1976,LAST,1527,1.00,1528
108,TRD,1976,LAST,1545,1.00,1532
108,EXP,1976,LAST,1540,1.00,1501
108,IMP,2011,2011,1548,1.00,1549
108,IMP,2008,2008,1563,1.00,1562
108,IMP,2010,2010,1563,1.00,1562
108,IMP,2014,2014,1563,1.00,1562
108,IMP,2011,2011,1570,1.00,1562
132,EXP,1976,LAST,1501,1.00,1540
132,EXP,1976,LAST,1502,1.00,1541
132,EXP,1976,LAST,1514,1.00,1540
132,EXP,1976,LAST,1515,1.00,1528
132,EXP,1976,LAST,1530,1.00,1542
132,EXP,1998,2002,1541,1.00,1515
132,EXP,2004,LAST,1541,1.00,1528
132,EXP,1998,2000,1554,1.00,1540
132,EXP,1976,LAST,1553,1.00,1554
132,EXP,1999,1999,1571,1.00,1540
132,IMP,1976,LAST,1502,1.00,1501
132,PRD,1976,LAST,1534,1.00,1537
132,TRD,1976,LAST,1505,1.00,1501
132,TRD,1976,LAST,1534,1.00,1537
132,TRD,1976,LAST,1543,1.00,1542
132,TRD,1976,LAST,1545,1.00,1532
132,TRD,1976,LAST,1562,1.00,1563
116,EXP,1976,LAST,1540,1.00,1501
116,EXP,2007,2007,1514,1.00,1501
116,EXP,2007,2007,1529,1.00,1542
116,EXP,2010,2010,1534,1.00,1550
116,IMP,1976,LAST,1534,1.00,1550
116,PRD,1976,LAST,1531,1.00,1505
116,PRD,1976,LAST,1534,1.00,1550
116,PRD,1976,LAST,1544,1.00,1505
116,PRD,1976,LAST,1572,1.00,1564
116,PRD,1976,LAST,1588,1.00,1564
116,TRD,1976,LAST,1528,1.00,1541
116,TRD,1976,LAST,1531,1.00,1505
116,TRD,1976,LAST,1544,1.00,1505
116,TRD,1976,LAST,1571,1.00,1563
120,EXP,1999,1999,1540,1.00,1541
120,EXP,1976,LAST,1544,1.00,1505
120,EXP,1976,1985,1545,1.00,1532
120,EXP,2016,2016,1546,1.00,1532
120,EXP,1978,1980,1553,1.00,1554
120,EXP,1982,1987,1565,1.00,1556
120,EXP,2003,2003,1570,1.00,1562
120,EXP,1976,LAST,1571,1.00,1563
120,PRD,2003,LAST,1541,1.00,1528
120,PRD,1976,LAST,1544,0.40,1505
120,PRD,1976,LAST,1544,0.60,1531
120,TRD,1976,LAST,1542,1.00,1543
120,TRD,1976,LAST,1548,1.00,1535
124,EXP,1988,2000,1540,1.00,1514
124,EXP,1976,1986,1544,1.00,1518
124,EXP,1976,LAST,1547,1.00,1550
124,EXP,1983,1983,1570,1.00,1571
124,IMP,1976,1986,1544,1.00,1531
124,PRD,1976,LAST,1521,1.00,1524
124,PRD,1976,LAST,1541,1.00,1528
124,PRD,1976,LAST,1542,1.00,1516
124,PRD,1976,LAST,1543,1.00,1517
124,PRD,1976,LAST,1544,1.00,1518
124,PRD,1976,LAST,1545,1.00,1532
124,PRD,1976,LAST,1546,1.00,1533
124,PRD,1976,LAST,1548,1.00,1535
124,PRD,1976,LAST,1549,1.00,1523
124,TRD,1976,1987,1540,1.00,1514
124,TRD,1976,1987,1541,1.00,1515
124,TRD,1988,LAST,1541,1.00,1528
124,TRD,1976,LAST,1542,1.00,1516
124,TRD,1976,LAST,1543,1.00,1517
124,TRD,1987,LAST,1544,1.00,1518
124,TRD,1976,LAST,1545,1.00,1532
124,TRD,1976,LAST,1546,1.00,1533
124,TRD,1976,LAST,1548,1.00,1535
124,TRD,1976,LAST,1549,1.00,1523
136,EXP,1997,1999,1534,1.00,1550
136,EXP,1980,1982,1541,1.00,1528
136,IMP,1991,1994,1541,1.00,1540
136,TRD,1976,LAST,1501,1.00,1540
136,TRD,1976,LAST,1502,1.00,1541
136,TRD,1976,LAST,1503,1.00,1542
136,TRD,1976,LAST,1506,1.00,1545
136,TRD,1976,LAST,1514,1.00,1540
136,TRD,1976,LAST,1515,1.00,1541
136,TRD,1976,LAST,1517,1.00,1543
136,TRD,1976,LAST,1520,1.00,1546
136,TRD,1976,LAST,1528,1.00,1541
136,TRD,1976,LAST,1531,1.00,1544
136,TRD,1976,LAST,1532,1.00,1545
136,TRD,1976,LAST,1562,1.00,1563
140,EXP,2000,2000,1544,1.00,1505
140,IMP,1993,LAST,1562,1.00,1563
140,TRD,1976,LAST,1514,1.00,1515
140,TRD,1976,LAST,1542,1.00,1543
148,EXP,2005,LAST,1544,1.00,1505
148,EXP,2000,2002,1540,1.00,1501
148,EXP,2001,2001,1541,1.00,1501
148,IMP,1994,2007,1542,1.00,1543
148,TRD,1976,LAST,1502,1.00,1501
148,TRD,1976,LAST,1514,1.00,1527
148,TRD,1976,LAST,1571,1.00,1570
148,IMP,2017,2017,1542,1.00,1543
152,EXP,1976,1986,1503,1.00,1502
152,PRD,1976,LAST,1541,1.00,1515
152,PRD,1976,LAST,1542,1.00,1516
152,PRD,1976,LAST,1543,1.00,1517
152,PRD,1976,LAST,1544,1.00,1518
152,PRD,1976,LAST,1545,1.00,1532
152,PRD,1990,LAST,1546,1.00,1533
152,PRD,1976,LAST,1547,1.00,1534
152,PRD,1976,LAST,1548,1.00,1535
152,PRD,1976,LAST,1555,1.00,1556
152,PRD,1976,LAST,1558,1.00,1559
152,TRD,1976,LAST,1540,1.00,1527
152,TRD,1976,LAST,1541,1.00,1515
152,TRD,1976,LAST,1542,1.00,1516
152,TRD,1976,LAST,1543,1.00,1517
152,TRD,1976,LAST,1544,1.00,1518
152,TRD,1976,LAST,1545,1.00,1532
152,TRD,1990,LAST,1546,1.00,1533
152,TRD,1976,LAST,1547,1.00,1534
152,TRD,1976,LAST,1548,1.00,1535
152,TRD,1976,LAST,1549,1.00,1523
152,TRD,1976,LAST,1550,1.00,1537
152,TRD,1976,LAST,1555,1.00,1556
152,TRD,1976,LAST,1557,1.00,1556
152,TRD,1976,LAST,1558,1.00,1559
152,TRD,1976,LAST,1590,1.00,1588
156,EXP,1984,LAST,1540,1.00,1527
156,PRD,1994,LAST,1544,1.00,1518
156,TRD,1994,LAST,1544,1.00,1518
156,TRD,1987,LAST,1558,1.00,1559
156,IMP,2010,2010,1529,1.00,1530
156,TRD,2012,LAST,1516,1.00,1542
446,EXP,1990,1990,1527,1.00,1540
446,TRD,1976,LAST,1549,1.00,1523
446,EXP,1980,1986,1501,1.00,1540
446,EXP,1982,1982,1534,1.00,1550
446,EXP,1992,1992,1534,1.00,1550
344,PRD,1976,LAST,1544,1.00,1518
158,ALL,1976,LAST,1542,1.00,1516
158,ALL,1976,LAST,1543,1.00,1517
158,ALL,1976,LAST,1544,1.00,1531
158,ALL,1976,LAST,1545,1.00,1532
158,ALL,1976,LAST,1547,1.00,1534
158,ALL,1976,LAST,1548,1.00,1535
158,ALL,1976,LAST,1549,1.00,1523
158,PRD,1976,LAST,1557,1.00,1556
158,PRD,1976,LAST,1574,1.00,1573
170,EXP,2006,2006,1518,1.00,1505
170,EXP,2007,2007,1516,1.00,1517
170,EXP,2007,2008,1587,1.00,1562
170,EXP,2015,2016,1587,1.00,1562
170,EXP,2016,2017,1588,1.00,1564
170,EXP,1981,1981,1549,1.00,1523
170,IMP,1994,1994,1540,1.00,1527
170,EXP,1981,1981,1540,1.00,1527
170,EXP,1981,1981,1541,1.00,1528
170,EXP,1995,LAST,1549,1.00,1523
170,EXP,1997,LAST,1570,1.00,1571
170,PRD,1976,LAST,1558,1.00,1559
170,TRD,1995,LAST,1541,1.00,1528
170,TRD,1976,LAST,1543,1.00,1530
170,TRD,1976,LAST,1545,1.00,1532
170,TRD,1976,LAST,1548,1.00,1535
170,TRD,1976,LAST,1558,1.00,1559
174,EXP,1996,LAST,1501,1.00,1528
174,EXP,1995,1995,1540,1.00,1541
174,IMP,1997,LAST,1501,1.00,1515
174,IMP,1981,1982,1532,1.00,1545
174,TRD,1998,LAST,1517,1.00,1515
174,TRD,1995,LAST,1554,1.00,1553
178,EXP,1995,1995,1549,1.00,1535
178,IMP,2000,2005,1503,1.00,1504
178,PRD,1976,LAST,1544,1.00,1505
178,TRD,1976,LAST,1514,1.00,1515
178,TRD,1976,LAST,1528,1.00,1527
178,TRD,1976,LAST,1540,1.00,1527
178,TRD,1976,LAST,1541,1.00,1527
178,TRD,1976,LAST,1542,1.00,1543
178,TRD,1976,LAST,1544,1.00,1518
178,TRD,1976,LAST,1545,1.00,1532
178,TRD,1976,LAST,1547,1.00,1534
178,TRD,1976,LAST,1548,1.00,1535
178,TRD,1976,LAST,1554,1.00,1553
178,EXP,2017,2017,1588,1.00,1564
180,EXP,1976,LAST,1502,1.00,1501
180,EXP,2000,LAST,1553,1.00,1554
180,IMP,1999,2000,1554,1.00,1553
180,IMP,2000,2003,1562,1.00,1563
180,IMP,2003,2003,1570,1.00,1571
180,TRD,1976,1990,1540,1.00,1541
180,TRD,1976,LAST,1544,1.00,1518
180,TRD,1976,LAST,1545,1.00,1532
180,EXP,2015,2015,1588,1.00,1564
184,EXP,1991,2003,1501,1.00,1540
184,EXP,2002,LAST,1541,1.00,1528
184,IMP,2002,LAST,1541,1.00,1540
184,TRD,1976,2001,1541,1.00,1540
184,TRD,1976,LAST,1542,1.00,1543
184,TRD,1976,LAST,1571,1.00,1570
188,EXP,1994,LAST,1542,0.50,1528
188,EXP,1994,LAST,1542,0.50,1530
188,EXP,1994,LAST,1546,1.00,1520
188,IMP,1994,LAST,1542,1.00,1530
188,PRD,1994,LAST,1542,0.50,1528
188,PRD,1994,LAST,1542,0.50,1530
188,EXP,1996,1997,1517,1.00,1543
188,TRD,1986,1993,1541,1.00,1528
188,EXP,1976,1977,1532,1.00,1545
188,EXP,1988,1988,1548,1.00,1549
188,EXP,2000,2002,1517,1.00,1504
188,EXP,2017,2017,1516,1.00,1517
188,PRD,1994,2013,1534,1.00,1537
188,EXP,2011,2013,1534,1.00,1537
188,EXP,2012,2012,1570,1.00,1571
188,EXP,2016,2016,1570,1.00,1571
191,EXP,1992,LAST,1540,1.00,1527
191,EXP,1997,1997,1570,1.00,1571
191,EXP,2002,2002,1570,1.00,1571
191,EXP,2016,2017,1587,1.00,1562
191,TRD,1992,LAST,1546,1.00,1533
191,PRD,1992,LAST,1543,1.00,1530
191,PRD,1992,LAST,1544,1.00,1531
191,PRD,1992,LAST,1545,1.00,1532
191,PRD,1992,LAST,1548,1.00,1535
191,TRD,1992,LAST,1541,1.00,1528
191,TRD,1992,LAST,1542,1.00,1529
191,TRD,1992,LAST,1543,1.00,1530
191,TRD,1992,LAST,1544,1.00,1531
191,TRD,1992,LAST,1545,1.00,1532
191,TRD,1992,LAST,1548,1.00,1535
191,TRD,1992,LAST,1549,1.00,1523
192,PRD,1997,LAST,1541,1.00,1515
192,PRD,1976,LAST,1543,1.00,1517
192,PRD,1976,LAST,1544,1.00,1518
192,PRD,1976,LAST,1545,1.00,1532
192,PRD,1976,LAST,1553,1.00,1554
192,TRD,1976,LAST,1540,1.00,1515
192,TRD,1976,LAST,1544,1.00,1518
192,TRD,1976,LAST,1545,1.00,1532
192,TRD,2000,LAST,1549,1.00,1523
192,TRD,1976,LAST,1553,1.00,1554
192,PRD,2004,LAST,1534,1.00,1550
192,EXP,1999,1999,1542,1.00,1543
192,EXP,2002,2002,1542,1.00,1543
192,EXP,2014,2014,1590,1.00,1588
203,EXP,1996,2013,1540,1.00,1541
203,TRD,1993,LAST,1530,1.00,1543
203,EXP,1994,1994,1514,1.00,1515
203,EXP,1996,1997,1518,1.00,1544
203,TRD,2012,LAST,1573,1.00,1565
203,EXP,1993,1995,1540,1.00,1501
203,EXP,2009,2009,1516,1.00,1517
203,EXP,1993,1993,1563,1.00,1554
203,EXP,1993,1994,1562,1.00,1563
203,EXP,1996,1996,1562,1.00,1563
203,EXP,2014,2014,1529,1.00,1542
203,EXP,2014,2017,1570,1.00,1571
203,EXP,2017,2017,1582,1.00,1548
200,TRD,1976,1992,1540,1.00,1541
384,PRD,1976,LAST,1534,1.00,1537
384,PRD,1976,LAST,1548,1.00,1535
384,TRD,1976,LAST,1517,1.00,1542
384,TRD,1976,LAST,1534,1.00,1537
384,TRD,1976,LAST,1541,1.00,1540
384,TRD,1976,LAST,1543,1.00,1542
384,TRD,1976,LAST,1548,1.00,1535
384,TRD,1976,LAST,1549,1.00,1536
384,TRD,1976,LAST,1550,1.00,1537
208,EXP,1984,1985,1570,1.00,1571
208,EXP,1993,1996,1570,1.00,1571
208,EXP,1986,1986,1587,1.00,1562
208,EXP,1988,1988,1587,1.00,1562
208,EXP,1990,1996,1587,1.00,1562
208,EXP,1988,1988,1590,1.00,1565
208,EXP,1994,1998,1590,1.00,1565
208,PRD,1976,LAST,1533,1.00,1532
208,PRD,1986,LAST,1541,1.00,1515
208,PRD,1976,LAST,1542,1.00,1516
208,PRD,1976,LAST,1543,1.00,1517
208,PRD,1976,LAST,1544,1.00,1518
208,PRD,1976,LAST,1545,1.00,1532
208,PRD,1976,LAST,1546,1.00,1533
208,PRD,1976,LAST,1547,1.00,1550
208,PRD,1976,LAST,1548,1.00,1535
208,PRD,1976,LAST,1549,1.00,1523
208,TRD,1986,LAST,1540,1.00,1514
208,TRD,1986,LAST,1541,1.00,1515
208,TRD,1976,LAST,1542,1.00,1516
208,TRD,1976,LAST,1543,1.00,1517
208,TRD,1976,LAST,1544,1.00,1518
208,TRD,1976,LAST,1545,1.00,1532
208,TRD,1976,LAST,1546,1.00,1533
208,TRD,1976,LAST,1547,1.00,1550
208,TRD,1976,LAST,1548,1.00,1535
208,TRD,1976,LAST,1549,1.00,1523
262,EXP,1976,LAST,1528,1.00,1527
262,EXP,1976,LAST,1541,1.00,1515
262,EXP,1998,LAST,1544,1.00,1531
262,EXP,1976,LAST,1553,1.00,1554
262,TRD,1976,LAST,1546,1.00,1545
262,EXP,1997,1997,1518,1.00,1531
262,IMP,2004,2004,1542,1.00,1543
262,EXP,1993,1994,1571,1.00,1563
262,EXP,2002,LAST,1588,1.00,1544
262,IMP,2009,2009,1528,1.00,1527
262,EXP,2011,2011,1529,1.00,1530
262,EXP,2011,2011,1542,1.00,1543
262,EXP,2008,2009,1564,1.00,1555
262,EXP,2008,2008,1563,1.00,1554
262,EXP,2010,2012,1563,1.00,1554
262,EXP,2013,2013,1587,1.00,1553
212,IMP,1976,LAST,1542,1.00,1543
212,TRD,1976,LAST,1514,1.00,1517
212,TRD,1976,LAST,1544,1.00,1531
212,TRD,1976,LAST,1545,1.00,1532
212,TRD,1976,LAST,1548,1.00,1549
212,EXP,2013,2014,1507,1.00,1506
212,EXP,2011,2011,1587,1.00,1556
212,EXP,2015,2015,1534,1.00,1547
214,EXP,1976,1989,1540,1.00,1527
214,EXP,1990,LAST,1540,1.00,1541
214,EXP,1981,1984,1556,1.00,1565
214,EXP,1979,1979,1517,1.00,1516
214,IMP,1976,1986,1502,1.00,1501
214,TRD,1976,1989,1528,1.00,1527
214,TRD,1976,LAST,1534,1.00,1547
214,TRD,1976,1989,1541,1.00,1527
214,TRD,1976,LAST,1542,1.00,1516
214,TRD,1976,LAST,1543,1.00,1517
214,TRD,1976,LAST,1544,1.00,1518
214,TRD,1976,LAST,1545,1.00,1532
214,TRD,1976,LAST,1546,1.00,1520
214,TRD,1976,LAST,1548,1.00,1535
214,TRD,1976,LAST,1549,1.00,1523
218,EXP,1995,1998,1545,1.00,1532
218,EXP,1999,LAST,1545,1.00,1533
218,EXP,1981,1994,1504,1.00,1543
218,EXP,1992,1992,1540,1.00,1527
218,EXP,1994,1994,1540,1.00,1527
218,EXP,1997,1998,1540,1.00,1527
218,TRD,2006,LAST,1540,1.00,1514
218,EXP,1995,LAST,1546,1.00,1533
218,EXP,2013,LAST,1517,1.00,1530
218,EXP,1994,1997,1571,1.00,1554
218,EXP,2001,2003,1571,1.00,1554
218,EXP,1999,2003,1563,1.00,1554
218,EXP,1995,1995,1563,1.00,1554
218,EXP,2012,LAST,1563,1.00,1554
218,EXP,2006,2007,1562,1.00,1553
218,EXP,2015,2015,1562,1.00,1563
218,EXP,2016,2016,1562,1.00,1553
218,IMP,1976,1994,1544,1.00,1531
218,PRD,1976,1994,1517,1.00,1543
218,PRD,1995,1995,1517,1.00,1530
218,PRD,1976,LAST,1541,1.00,1528
218,PRD,1995,LAST,1542,1.00,1529
218,PRD,1995,LAST,1543,1.00,1530
218,PRD,1995,LAST,1544,1.00,1531
218,PRD,1976,LAST,1548,1.00,1535
218,TRD,1976,LAST,1541,1.00,1528
218,TRD,1995,LAST,1542,1.00,1529
218,TRD,1995,LAST,1543,1.00,1530
218,TRD,1995,LAST,1544,1.00,1531
218,TRD,1976,LAST,1548,1.00,1535
218,TRD,1976,LAST,1549,1.00,1523
818,EXP,1996,1996,1541,1.00,1540
818,EXP,1976,LAST,1562,1.00,1563
818,EXP,2010,2013,1540,1.00,1514
818,EXP,2011,LAST,1549,1.00,1523
818,IMP,1987,LAST,1549,1.00,1523
818,PRD,1976,LAST,1541,1.00,1528
818,PRD,1976,LAST,1544,1.00,1518
818,EXP,2013,LAST,1542,1.00,1516
818,EXP,1995,2012,1542,1.00,1517
818,IMP,1997,LAST,1542,1.00,1516
818,TRD,1976,LAST,1543,1.00,1517
818,TRD,1976,LAST,1545,1.00,1532
818,TRD,1976,LAST,1547,1.00,1534
222,EXP,1990,1990,1515,1.00,1541
222,EXP,1998,LAST,1518,1.00,1544
222,EXP,1998,2001,1528,1.00,1541
222,EXP,2004,LAST,1528,1.00,1541
222,PRD,1976,LAST,1532,1.00,1545
222,PRD,1976,1980,1534,1.00,1547
222,TRD,1996,LAST,1542,1.00,1530
222,TRD,1976,LAST,1543,1.00,1530
222,PRD,1981,LAST,1558,1.00,1559
222,TRD,1994,LAST,1558,1.00,1559
222,EXP,1993,1993,1520,1.00,1546
222,TRD,1994,LAST,1549,1.00,1523
222,EXP,2012,2015,1514,1.00,1540
222,PRD,2004,LAST,1534,1.00,1537
222,EXP,2004,LAST,1534,1.00,1537
222,EXP,2006,2006,1570,1.00,1571
222,EXP,1999,2000,1527,1.00,1540
226,EXP,1998,1998,1530,1.00,1528
226,EXP,1996,LAST,1571,1.00,1562
226,TRD,1976,LAST,1502,1.00,1501
226,TRD,1976,LAST,1504,1.00,1501
226,TRD,1976,LAST,1515,1.00,1514
226,TRD,1976,LAST,1516,1.00,1517
226,TRD,1976,LAST,1542,1.00,1543
226,TRD,1976,LAST,1554,1.00,1553
232,EXP,1993,LAST,1501,1.00,1514
232,EXP,1993,LAST,1502,1.00,1554
232,EXP,2003,2003,1531,1.00,1544
232,EXP,1999,LAST,1540,1.00,1514
232,EXP,1993,LAST,1541,1.00,1528
232,EXP,1993,LAST,1542,1.00,1516
232,EXP,1993,LAST,1543,1.00,1530
232,EXP,1993,LAST,1546,1.00,1520
232,EXP,1993,LAST,1553,1.00,1554
232,EXP,2002,2002,1563,1.00,1554
232,TRD,1993,LAST,1518,1.00,1544
232,IMP,2009,2009,1533,1.00,1546
232,IMP,2009,2009,1565,1.00,1556
232,EXP,2007,2007,1563,1.00,1554
232,EXP,2012,2012,1563,1.00,1554
232,EXP,2012,2012,1562,1.00,1570
232,EXP,2007,2008,1570,1.00,1571
232,EXP,2004,LAST,1588,1.00,1555
233,PRD,1997,LAST,1532,1.00,1533
233,PRD,1992,LAST,1534,1.00,1537
233,PRD,1992,LAST,1541,1.00,1528
233,PRD,1992,LAST,1542,1.00,1516
233,PRD,1992,LAST,1543,1.00,1517
233,PRD,1992,1996,1544,1.00,1518
233,PRD,1997,LAST,1544,1.00,1531
233,TRD,1997,LAST,1532,1.00,1533
233,TRD,1992,LAST,1534,1.00,1537
233,TRD,1992,LAST,1540,1.00,1527
233,TRD,1992,LAST,1541,1.00,1515
233,TRD,1992,LAST,1542,1.00,1516
233,TRD,1992,LAST,1543,1.00,1517
233,TRD,1992,1996,1544,1.00,1518
233,IMP,1997,LAST,1544,1.00,1531
233,EXP,1997,2002,1544,1.00,1531
233,TRD,1992,1996,1545,1.00,1532
233,TRD,1997,LAST,1545,1.00,1533
233,TRD,1992,LAST,1546,1.00,1533
233,TRD,1992,LAST,1562,1.00,1563
233,EXP,2004,2009,1590,1.00,1556
233,EXP,2010,2011,1565,1.00,1557
233,EXP,2012,2012,1563,1.00,1571
233,EXP,2000,2000,1570,1.00,1553
233,EXP,1992,1992,1565,1.00,1556
233,EXP,2014,2016,1573,1.00,1556
233,EXP,2003,2013,1531,1.00,1518
233,EXP,2003,2013,1544,1.00,1518
233,EXP,2014,LAST,1544,1.00,1531
233,EXP,2017,2017,1572,1.00,1555
231,EXP,1999,LAST,1502,1.00,1501
231,EXP,1997,2002,1543,1.00,1542
231,IMP,1993,LAST,1502,1.00,1501
231,IMP,1993,LAST,1507,1.00,1505
231,IMP,1993,LAST,1515,1.00,1541
231,IMP,1993,LAST,1553,1.00,1554
231,EXP,2006,2007,1514,1.00,1501
231,EXP,2006,2006,1515,1.00,1541
231,EXP,2003,2003,1540,1.00,1501
231,EXP,2010,2010,1540,1.00,1501
231,EXP,2012,2012,1540,1.00,1501
231,IMP,2008,2008,1516,1.00,1542
231,EXP,2009,2010,1516,1.00,1542
231,IMP,2011,2011,1529,1.00,1542
231,IMP,2010,2010,1530,1.00,1543
231,EXP,2011,2011,1541,1.00,1502
231,EXP,1995,1995,1542,1.00,1504
231,EXP,1995,1995,1543,1.00,1504
231,EXP,2007,2008,1542,1.00,1504
231,EXP,2007,2008,1543,1.00,1504
231,EXP,2011,2011,1531,1.00,1505
231,EXP,1996,LAST,1544,1.00,1505
231,PRD,1993,LAST,1544,1.00,1505
231,EXP,2007,2007,1563,1.00,1502
807,TRD,1992,LAST,1507,1.00,1506
807,TRD,1992,LAST,1517,1.00,1543
807,TRD,1992,LAST,1530,1.00,1543
807,TRD,1992,LAST,1534,1.00,1547
807,TRD,1992,LAST,1542,1.00,1543
807,TRD,1992,LAST,1549,1.00,1523
807,EXP,2001,2002,1562,1.00,1541
807,EXP,2017,2017,1587,1.00,1562
807,EXP,2015,2015,1570,1.00,1571
807,EXP,2010,2017,1556,1.00,1565
807,EXP,2017,2017,1540,1.00,1514
238,PRD,1976,LAST,1541,1.00,1515
238,TRD,1976,LAST,1541,1.00,1515
238,TRD,1976,LAST,1543,1.00,1517
238,TRD,1976,LAST,1546,1.00,1520
234,PRD,1976,LAST,1541,1.00,1515
234,PRD,1976,LAST,1542,1.00,1516
234,PRD,1976,LAST,1543,1.00,1517
234,PRD,1976,LAST,1544,1.00,1518
234,PRD,1976,LAST,1545,1.00,1532
234,PRD,1976,LAST,1546,1.00,1520
234,PRD,1976,LAST,1548,1.00,1535
234,PRD,1976,LAST,1549,1.00,1523
234,TRD,1976,LAST,1540,1.00,1514
234,TRD,1976,LAST,1541,1.00,1515
234,TRD,1976,LAST,1542,1.00,1516
234,TRD,1976,LAST,1543,1.00,1517
234,TRD,1976,LAST,1544,1.00,1518
234,TRD,1976,LAST,1545,1.00,1532
234,TRD,1976,LAST,1546,1.00,1520
234,TRD,1976,LAST,1548,1.00,1535
234,TRD,1976,LAST,1549,1.00,1523
242,EXP,1994,1994,1501,1.00,1514
242,EXP,1996,2007,1501,1.00,1514
242,PRD,1976,LAST,1541,1.00,1528
242,PRD,1976,LAST,1542,1.00,1516
242,PRD,1976,1984,1544,1.00,1531
242,TRD,1976,LAST,1540,1.00,1527
242,TRD,1976,LAST,1541,1.00,1528
242,EXP,1976,2001,1542,1.00,1516
242,EXP,2007,LAST,1542,1.00,1516
242,IMP,1976,LAST,1542,1.00,1516
242,TRD,1976,LAST,1543,1.00,1517
242,TRD,1976,1984,1544,1.00,1531
242,TRD,1976,LAST,1545,1.00,1532
242,TRD,1976,LAST,1548,1.00,1535
242,EXP,2007,2011,1502,1.00,1541
242,EXP,2012,2014,1501,1.00,1527
242,EXP,2011,2011,1514,1.00,1528
242,EXP,2002,2006,1516,1.00,1542
242,EXP,2009,2009,1571,1.00,1554
242,EXP,2010,2010,1563,1.00,1562
246,EXP,1990,LAST,1540,1.00,1527
246,EXP,1976,1989,1540,1.00,1541
246,EXP,1990,LAST,1541,1.00,1528
246,EXP,1990,LAST,1546,1.00,1533
246,PRD,1976,LAST,1542,1.00,1529
246,PRD,1976,LAST,1543,1.00,1530
246,PRD,1976,LAST,1544,1.00,1531
246,PRD,1976,LAST,1545,1.00,1532
246,PRD,1976,LAST,1546,1.00,1520
246,PRD,1976,LAST,1547,1.00,1550
246,TRD,1995,LAST,1547,1.00,1550
246,TRD,1976,LAST,1588,1.00,1590
246,PRD,2007,LAST,1541,1.00,1515
246,TRD,1988,LAST,1549,1.00,1523
246,EXP,1986,1986,1562,1.00,1563
254,EXP,1976,LAST,1515,1.00,1541
254,EXP,1993,1995,1542,1.00,1543
254,IMP,1994,1995,1516,1.00,1517
258,TRD,1976,LAST,1507,1.00,1546
258,TRD,1976,LAST,1516,1.00,1517
258,TRD,1976,1984,1528,1.00,1527
258,TRD,1976,LAST,1529,1.00,1530
258,TRD,1976,1991,1545,1.00,1532
258,TRD,1976,LAST,1548,1.00,1535
250,EXP,1976,LAST,1541,1.00,1515
250,IMP,1976,LAST,1541,1.00,1528
250,PRD,1976,LAST,1534,1.00,1537
250,PRD,1976,LAST,1541,1.00,1515
250,PRD,1976,LAST,1542,1.00,1516
250,PRD,1976,LAST,1543,1.00,1530
250,PRD,1995,LAST,1544,1.00,1518
250,PRD,1976,LAST,1545,1.00,1532
250,PRD,1976,LAST,1546,1.00,1520
250,PRD,1976,LAST,1548,1.00,1535
250,PRD,1976,LAST,1549,1.00,1523
250,TRD,1976,LAST,1540,1.00,1514
250,TRD,1976,LAST,1542,1.00,1516
250,TRD,1976,LAST,1543,1.00,1530
250,TRD,1995,LAST,1544,1.00,1518
250,TRD,1976,LAST,1547,1.00,1534
250,TRD,1976,LAST,1548,1.00,1535
250,TRD,1976,LAST,1549,1.00,1523
266,EXP,2001,2001,1540,1.00,1541
266,EXP,1976,LAST,1553,1.00,1554
266,EXP,1991,1992,1562,1.00,1554
266,EXP,1989,1989,1562,1.00,1540
266,EXP,2012,2012,1562,1.00,1563
266,EXP,2016,2016,1587,1.00,1570
266,PRD,1976,LAST,1544,1.00,1531
266,TRD,1976,LAST,1542,1.00,1543
266,TRD,1976,LAST,1544,1.00,1531
266,TRD,1976,LAST,1545,1.00,1532
266,TRD,1976,LAST,1547,1.00,1534
266,TRD,1976,LAST,1590,1.00,1587
270,EXP,1996,LAST,1502,1.00,1501
270,EXP,2000,2000,1565,1.00,1573
270,EXP,2012,2012,1565,1.00,1573
270,PRD,1976,LAST,1541,1.00,1515
270,PRD,1976,LAST,1544,1.00,1531
270,TRD,1976,LAST,1540,1.00,1514
270,TRD,1976,LAST,1541,1.00,1515
270,TRD,1976,LAST,1542,1.00,1516
270,TRD,1976,LAST,1543,1.00,1517
270,TRD,1976,LAST,1544,1.00,1531
270,TRD,1976,LAST,1545,1.00,1532
270,TRD,1976,LAST,1546,1.00,1520
270,TRD,1976,LAST,1554,1.00,1553
270,IMP,1976,LAST,1563,1.00,1562
270,EXP,1976,2011,1563,1.00,1562
270,EXP,2014,2014,1563,1.00,1562
270,EXP,2016,LAST,1563,1.00,1562
270,EXP,2012,2013,1563,1.00,1571
270,EXP,2015,2015,1563,1.00,1571
270,IMP,1981,1981,1555,1.00,1553
270,EXP,2017,2017,1534,1.00,1537
270,EXP,2016,2017,1548,1.00,1535
268,EXP,1999,LAST,1540,1.00,1527
268,EXP,1992,LAST,1553,1.00,1562
268,EXP,2004,2005,1501,1.00,1502
268,EXP,2001,2001,1527,1.00,1537
268,EXP,2003,2005,1527,1.00,1537
268,IMP,1992,LAST,1571,1.00,1570
268,TRD,1992,LAST,1548,1.00,1535
268,EXP,2000,2001,1571,1.00,1562
268,EXP,2002,LAST,1571,1.00,1570
268,IMP,2015,2017,1529,1.00,1530
276,PRD,1995,LAST,1507,1.00,1520
276,PRD,1996,LAST,1533,1.00,1532
276,PRD,1976,LAST,1541,1.00,1515
276,PRD,1976,LAST,1542,1.00,1516
276,PRD,1976,LAST,1543,1.00,1517
276,PRD,1976,LAST,1544,1.00,1518
276,PRD,1976,LAST,1545,1.00,1532
276,PRD,1976,LAST,1546,1.00,1520
276,PRD,1976,LAST,1548,1.00,1535
276,PRD,1976,LAST,1549,1.00,1523
276,TRD,1976,LAST,1541,1.00,1515
276,TRD,1976,LAST,1545,1.00,1532
276,TRD,1976,LAST,1548,1.00,1535
276,TRD,1976,LAST,1549,1.00,1523
276,EXP,2007,LAST,1540,1.00,1527
276,EXP,2009,LAST,1546,1.00,1520
276,PRD,1976,LAST,1534,1.00,1550
288,EXP,1976,LAST,1515,1.00,1514
288,EXP,2016,2016,1516,1.00,1517
288,IMP,2004,2004,1540,1.00,1527
288,EXP,1986,LAST,1544,1.00,1531
288,EXP,1999,1999,1548,1.00,1523
288,EXP,1997,LAST,1550,1.00,1534
288,EXP,1998,LAST,1553,1.00,1554
288,EXP,2013,2013,1565,1.00,1556
288,EXP,2009,2011,1562,1.00,1570
288,EXP,2014,2015,1562,1.00,1570
288,EXP,2004,2006,1563,1.00,1571
288,EXP,2015,2016,1563,1.00,1571
288,IMP,1976,LAST,1503,1.00,1501
288,IMP,1995,LAST,1514,1.00,1515
288,IMP,2013,2013,1529,1.00,1530
288,PRD,1976,LAST,1541,1.00,1528
288,TRD,1976,LAST,1520,1.00,1518
288,TRD,1976,LAST,1541,1.00,1528
288,EXP,2004,LAST,1542,1.00,1543
288,EXP,1976,2002,1542,1.00,1543
288,EXP,2003,2003,1542,1.00,1530
288,EXP,2003,2003,1543,1.00,1530
288,IMP,1976,LAST,1542,1.00,1543
288,TRD,1976,LAST,1545,1.00,1532
288,TRD,1976,LAST,1546,1.00,1518
288,TRD,1976,LAST,1549,1.00,1523
300,EXP,1986,1987,1556,1.00,1573
300,PRD,1976,LAST,1544,1.00,1518
300,PRD,1976,LAST,1565,1.00,1573
300,TRD,1976,LAST,1544,1.00,1518
300,TRD,1976,LAST,1549,1.00,1523
300,TRD,1976,LAST,1565,1.00,1573
300,TRD,1976,LAST,1567,1.00,1591
304,EXP,1976,LAST,1506,1.00,1505
304,EXP,1990,1990,1521,1.00,1524
304,EXP,1996,LAST,1540,1.00,1527
304,EXP,1976,LAST,1545,1.00,1519
304,IMP,1996,LAST,1540,1.00,1514
304,IMP,1976,LAST,1545,1.00,1532
304,PRD,1990,1990,1521,1.00,1524
304,PRD,1976,LAST,1541,1.00,1515
304,PRD,1976,LAST,1543,1.00,1517
304,PRD,1976,LAST,1544,1.00,1518
304,PRD,1976,LAST,1545,1.00,1519
304,PRD,1976,LAST,1546,1.00,1520
304,PRD,1976,LAST,1548,1.00,1522
304,PRD,1976,LAST,1549,1.00,1523
304,PRD,1976,LAST,1557,1.00,1556
304,TRD,1976,1995,1540,1.00,1514
304,TRD,1976,LAST,1541,1.00,1515
304,TRD,1976,LAST,1542,1.00,1516
304,TRD,1976,LAST,1543,1.00,1517
304,TRD,1976,LAST,1544,1.00,1518
304,TRD,1976,LAST,1546,1.00,1520
304,TRD,1976,LAST,1548,1.00,1522
304,TRD,1976,LAST,1549,1.00,1523
304,TRD,1976,LAST,1557,1.00,1556
308,EXP,2000,2000,1502,1.00,1501
308,EXP,2001,2001,1501,1.00,1502
308,EXP,2008,2008,1501,1.00,1541
308,EXP,2012,2012,1503,1.00,1543
308,EXP,2014,2014,1503,1.00,1504
308,EXP,1997,1997,1540,1.00,1541
308,EXP,1999,2002,1540,1.00,1514
308,EXP,2003,2013,1540,1.00,1527
308,EXP,2004,2006,1541,1.00,1528
308,EXP,2011,2011,1541,1.00,1528
308,EXP,1997,LAST,1542,1.00,1529
308,EXP,1978,1981,1553,1.00,1562
308,EXP,1987,1991,1553,1.00,1562
308,TRD,1976,LAST,1563,1.00,1562
320,TRD,1976,LAST,1545,1.00,1532
320,TRD,1976,LAST,1548,1.00,1535
324,EXP,1995,1999,1502,1.00,1501
324,EXP,2012,2013,1541,1.00,1528
324,EXP,2016,2016,1541,1.00,1528
324,EXP,2002,LAST,1543,1.00,1542
324,EXP,2005,2005,1562,1.00,1553
324,EXP,2003,2006,1563,1.00,1554
324,EXP,2012,2013,1563,1.00,1554
324,EXP,2011,2011,1571,1.00,1554
324,EXP,2016,2016,1571,1.00,1554
324,EXP,2014,2014,1587,1.00,1553
324,EXP,2011,LAST,1588,1.00,1555
324,TRD,1976,LAST,1520,1.00,1518
624,EXP,1998,LAST,1520,1.00,1518
624,EXP,1976,2003,1541,1.00,1515
624,EXP,2004,LAST,1541,1.00,1540
624,EXP,1997,LAST,1546,1.00,1532
624,IMP,1976,LAST,1541,1.00,1515
624,TRD,1976,LAST,1528,1.00,1515
624,TRD,1976,LAST,1540,1.00,1514
624,TRD,1976,LAST,1543,1.00,1517
624,TRD,1976,LAST,1544,1.00,1518
624,TRD,1976,LAST,1545,1.00,1532
328,EXP,1995,1995,1514,1.00,1540
328,EXP,1999,1999,1514,1.00,1540
328,EXP,1995,1995,1515,1.00,1541
328,EXP,1995,1996,1517,1.00,1543
328,EXP,1995,1996,1520,1.00,1546
328,EXP,1995,1995,1527,1.00,1540
328,EXP,1995,1995,1528,1.00,1541
328,EXP,1997,1998,1553,1.00,1554
328,EXP,2001,2001,1562,1.00,1553
328,IMP,1976,1978,1541,1.00,1540
328,PRD,2001,2003,1520,1.00,1546
328,TRD,2001,LAST,1534,1.00,1550
328,TRD,1997,LAST,1548,1.00,1535
328,TRD,1997,LAST,1549,1.00,1523
328,TRD,1999,LAST,1563,1.00,1554
332,EXP,2012,LAST,1527,1.00,1528
332,EXP,1977,1977,1527,1.00,1540
332,EXP,1976,LAST,1543,1.00,1542
332,EXP,1976,1977,1563,1.00,1553
332,EXP,1979,LAST,1563,1.00,1562
332,EXP,1976,LAST,1570,1.00,1571
332,IMP,2003,2003,1543,1.00,1517
332,IMP,1976,LAST,1548,1.00,1535
332,TRD,1976,LAST,1544,1.00,1518
332,IMP,1976,LAST,1545,1.00,1532
332,TRD,1976,LAST,1541,1.00,1540
332,TRD,1976,LAST,1547,1.00,1550
332,TRD,1976,LAST,1554,1.00,1553
340,EXP,1976,LAST,1502,1.00,1541
340,EXP,1976,LAST,1528,1.00,1541
340,EXP,1976,LAST,1571,1.00,1570
340,TRD,1976,1988,1553,1.00,1554
348,EXP,1992,LAST,1553,1.00,1554
348,EXP,1991,1991,1553,1.00,1541
348,PRD,1976,LAST,1544,1.00,1505
348,PRD,1976,LAST,1545,1.00,1506
348,TRD,1976,LAST,1514,1.00,1515
348,TRD,1976,LAST,1545,1.00,1532
348,EXP,1991,2003,1540,1.00,1501
348,EXP,1994,1994,1542,1.00,1543
348,EXP,1996,1996,1549,1.00,1548
348,EXP,1995,1995,1563,1.00,1554
348,EXP,1996,1996,1562,1.00,1554
348,EXP,1998,1999,1562,1.00,1554
348,EXP,1993,1993,1562,1.00,1563
348,EXP,2012,2012,1562,1.00,1563
348,EXP,1991,1992,1587,1.00,1541
348,EXP,2016,2016,1572,1.00,1564
348,EXP,1994,1994,1570,1.00,1571
348,EXP,2004,2004,1570,1.00,1571
348,PRD,2010,LAST,1542,1.00,1503
352,EXP,1976,LAST,1547,1.00,1524
352,PRD,1976,LAST,1541,1.00,1515
352,PRD,1976,LAST,1542,1.00,1516
352,PRD,1976,LAST,1543,1.00,1517
352,PRD,1976,LAST,1544,1.00,1518
352,PRD,1976,LAST,1545,1.00,1532
352,PRD,1976,LAST,1546,1.00,1520
352,PRD,1976,LAST,1548,1.00,1535
352,PRD,1976,LAST,1558,1.00,1559
352,TRD,1976,LAST,1540,1.00,1514
352,TRD,1976,LAST,1541,1.00,1515
352,TRD,1976,LAST,1542,1.00,1516
352,TRD,1976,LAST,1543,1.00,1517
352,TRD,1976,LAST,1544,1.00,1518
352,TRD,1976,LAST,1545,1.00,1532
352,TRD,1976,LAST,1546,1.00,1520
352,TRD,1976,LAST,1548,1.00,1535
352,TRD,1976,LAST,1549,1.00,1523
352,TRD,1976,LAST,1558,1.00,1559
352,TRD,1991,LAST,1564,1.00,1565
356,EXP,2002,2002,1562,1.00,1570
356,EXP,2000,2003,1563,1.00,1571
356,EXP,2002,2003,1565,1.00,1573
356,PRD,1976,LAST,1544,0.05,1505
356,PRD,1976,LAST,1544,0.30,1518
356,PRD,1976,LAST,1544,0.65,1531
356,PRD,1976,LAST,1545,1.00,1532
356,PRD,1976,LAST,1546,1.00,1520
356,PRD,1976,LAST,1548,1.00,1535
356,TRD,1976,LAST,1516,1.00,1542
356,TRD,1976,LAST,1517,1.00,1543
356,TRD,1976,LAST,1522,1.00,1535
356,TRD,1976,LAST,1530,1.00,1543
356,TRD,1976,LAST,1544,1.00,1531
356,TRD,1976,LAST,1545,1.00,1532
356,TRD,1976,LAST,1546,1.00,1520
356,TRD,1976,LAST,1547,1.00,1534
356,TRD,1976,LAST,1548,1.00,1535
356,TRD,1976,LAST,1549,1.00,1523
356,TRD,1976,LAST,1550,1.00,1537
356,TRD,1976,LAST,1557,1.00,1556
356,TRD,1976,LAST,1558,1.00,1559
356,TRD,1976,LAST,1564,1.00,1572
360,EXP,1993,LAST,1545,1.00,1532
360,PRD,1976,LAST,1547,1.00,1534
360,PRD,1976,1988,1590,1.00,1588
360,TRD,1976,LAST,1547,1.00,1534
360,EXP,1976,1988,1588,1.00,1587
364,EXP,1976,LAST,1514,1.00,1540
364,EXP,1976,1996,1515,1.00,1541
364,EXP,2000,LAST,1550,1.00,1537
364,EXP,1995,LAST,1563,1.00,1554
364,PRD,1976,1996,1521,1.00,1547
364,PRD,1976,1996,1534,1.00,1547
364,EXP,1978,1978,1543,1.00,1542
364,IMP,1976,1982,1558,1.00,1559
364,EXP,1996,1996,1562,1.00,1570
364,EXP,2002,2002,1562,1.00,1570
364,EXP,2006,2006,1562,1.00,1570
364,EXP,2017,2017,1562,1.00,1570
364,EXP,1997,LAST,1541,1.00,1515
364,EXP,2010,2015,1540,1.00,1527
364,EXP,2013,2013,1516,1.00,1517
372,PRD,1976,LAST,1541,1.00,1515
372,PRD,1976,LAST,1542,1.00,1516
372,PRD,1976,LAST,1543,1.00,1517
372,PRD,1976,LAST,1544,1.00,1531
372,PRD,1976,LAST,1546,1.00,1520
372,PRD,1976,LAST,1548,1.00,1535
372,TRD,1976,LAST,1540,1.00,1514
372,TRD,1976,LAST,1541,1.00,1515
372,TRD,1976,LAST,1542,1.00,1516
372,TRD,1976,LAST,1543,1.00,1517
372,TRD,1976,LAST,1544,1.00,1531
372,TRD,1976,LAST,1545,1.00,1532
372,TRD,1976,LAST,1546,1.00,1520
372,TRD,1976,LAST,1547,1.00,1537
372,TRD,1976,LAST,1548,1.00,1535
372,TRD,1976,LAST,1549,1.00,1523
372,TRD,1976,LAST,1550,1.00,1537
376,EXP,1976,LAST,1541,1.00,1502
376,IMP,1976,LAST,1541,1.00,1528
376,PRD,1976,LAST,1541,1.00,1502
376,PRD,1976,LAST,1545,1.00,1532
376,TRD,1976,LAST,1540,1.00,1514
376,IMP,1976,LAST,1542,1.00,1516
376,EXP,1976,1991,1542,1.00,1516
376,EXP,1992,1992,1542,1.00,1517
376,EXP,1993,LAST,1542,1.00,1516
376,TRD,1976,LAST,1543,1.00,1517
376,TRD,1976,LAST,1544,1.00,1531
376,TRD,1976,LAST,1545,1.00,1532
376,TRD,1976,LAST,1548,1.00,1535
376,TRD,1976,LAST,1549,1.00,1523
376,TRD,1976,1989,1554,1.00,1553
376,EXP,1992,1992,1516,1.00,1517
376,EXP,2017,2017,1564,1.00,1572
380,PRD,1997,LAST,1541,1.00,1515
380,PRD,1995,LAST,1542,1.00,1516
380,PRD,1996,LAST,1544,1.00,1531
380,TRD,1976,LAST,1547,1.00,1534
380,TRD,1976,LAST,1548,1.00,1522
380,TRD,1976,LAST,1549,1.00,1523
380,TRD,1976,LAST,1567,1.00,1591
388,EXP,1976,LAST,1503,1.00,1504
388,EXP,1976,LAST,1542,1.00,1543
388,EXP,1976,LAST,1565,1.00,1545
388,EXP,1991,1996,1587,1.00,1563
388,EXP,2014,2014,1587,1.00,1562
388,EXP,1991,1991,1562,1.00,1563
388,EXP,1999,1999,1554,1.00,1563
388,EXP,2014,2015,1563,1.00,1562
388,EXP,2010,2013,1514,1.00,1540
388,EXP,2013,2013,1515,1.00,1541
388,EXP,2011,2011,1517,1.00,1543
388,EXP,2017,2017,1564,1.00,1555
388,EXP,2013,2014,1588,1.00,1555
388,TRD,1976,LAST,1549,1.00,1523
392,IMP,1976,1987,1557,1.00,1565
392,PRD,1993,LAST,1521,1.00,1524
392,PRD,1976,LAST,1547,1.00,1550
392,PRD,1976,LAST,1548,1.00,1535
392,TRD,1976,LAST,1547,1.00,1550
392,TRD,1976,LAST,1548,1.00,1535
392,TRD,1976,LAST,1558,1.00,1559
400,EXP,1976,LAST,1514,1.00,1540
400,EXP,1976,LAST,1527,1.00,1528
400,EXP,2011,2011,1517,1.00,1543
400,EXP,2010,2010,1518,1.00,1544
400,IMP,1979,1979,1523,1.00,1549
400,TRD,1976,1993,1541,1.00,1540
400,TRD,1976,LAST,1542,1.00,1543
400,TRD,1976,LAST,1545,1.00,1532
400,EXP,2017,2017,1564,1.00,1555
398,EXP,2000,2000,1514,1.00,1515
398,EXP,2002,2003,1515,1.00,1541
398,EXP,2000,LAST,1518,1.00,1531
398,EXP,1995,1996,1518,1.00,1544
398,EXP,2005,2005,1527,1.00,1528
398,EXP,1995,1996,1528,1.00,1502
398,EXP,1992,LAST,1534,1.00,1511
398,EXP,1992,LAST,1540,1.00,1541
398,EXP,1997,1999,1541,1.00,1502
398,EXP,2004,LAST,1541,1.00,1502
398,EXP,2000,LAST,1544,1.00,1531
398,EXP,2006,LAST,1553,1.00,1501
398,EXP,2004,2005,1553,1.00,1554
398,EXP,1995,1995,1563,1.00,1501
398,EXP,1996,1996,1563,1.00,1502
398,EXP,2000,2000,1563,1.00,1571
398,EXP,2000,LAST,1587,1.00,1501
398,PRD,2000,LAST,1505,1.00,1531
398,PRD,1997,1999,1505,1.00,1544
398,PRD,1992,LAST,1534,1.00,1511
398,PRD,1992,LAST,1546,1.00,1507
404,EXP,2005,2005,1503,1.00,1504
404,EXP,1991,1991,1506,1.00,1545
404,EXP,2005,2005,1517,1.00,1516
404,EXP,2007,2010,1534,1.00,1550
404,EXP,2016,2016,1540,1.00,1541
404,EXP,2006,2010,1541,1.00,1528
404,EXP,1979,LAST,1542,1.00,1504
404,EXP,2010,LAST,1544,1.00,1531
404,EXP,1979,1979,1546,1.00,1545
404,EXP,1981,1985,1548,1.00,1549
404,EXP,1986,1989,1553,1.00,1554
404,EXP,2005,2006,1553,1.00,1554
404,EXP,2016,2016,1562,1.00,1570
404,EXP,1997,1998,1563,1.00,1554
404,EXP,2005,2006,1563,1.00,1571
404,EXP,2012,2013,1563,1.00,1571
404,EXP,2016,2016,1563,1.00,1571
404,EXP,2008,2009,1565,1.00,1556
404,IMP,1978,1978,1557,1.00,1556
296,EXP,1976,LAST,1563,1.00,1562
296,TRD,1976,LAST,1541,1.00,1540
296,EXP,1979,1990,1540,1.00,1528
296,EXP,1999,1999,1553,1.00,1562
296,IMP,1996,1996,1557,1.00,1556
296,IMP,2014,2014,1557,1.00,1556
296,EXP,2005,2005,1550,1.00,1534
296,EXP,2014,2017,1501,1.00,1540
296,EXP,2014,2014,1503,1.00,1543
296,EXP,2014,2017,1542,1.00,1529
296,EXP,2007,2013,1544,1.00,1531
296,EXP,2015,2015,1544,1.00,1531
408,PRD,1976,1989,1554,1.00,1553
408,EXP,1976,1985,1554,1.00,1553
408,EXP,1976,1980,1557,1.00,1556
408,EXP,2012,2012,1557,1.00,1556
408,EXP,1976,1989,1573,1.00,1574
408,EXP,2004,2005,1528,1.00,1541
408,EXP,2010,2010,1528,1.00,1541
408,EXP,2012,2012,1528,1.00,1541
408,EXP,2004,LAST,1571,1.00,1562
408,EXP,2012,2012,1595,1.00,1594
408,IMP,2010,2010,1529,1.00,1530
408,IMP,1976,LAST,1528,1.00,1527
408,EXP,1976,2003,1528,1.00,1527
408,EXP,2006,2009,1528,1.00,1527
408,EXP,2011,2011,1528,1.00,1527
408,EXP,2013,LAST,1528,1.00,1527
408,TRD,1976,LAST,1532,1.00,1533
408,TRD,1976,LAST,1542,1.00,1543
410,PRD,1976,LAST,1522,1.00,1523
410,PRD,1976,LAST,1541,0.50,1515
410,PRD,1976,LAST,1541,0.50,1528
410,PRD,1976,LAST,1542,1.00,1516
410,PRD,1976,LAST,1543,1.00,1517
410,PRD,1976,LAST,1544,1.00,1518
410,PRD,1976,LAST,1545,1.00,1532
410,PRD,1976,LAST,1546,1.00,1520
410,PRD,1976,LAST,1548,1.00,1535
410,PRD,1976,LAST,1574,1.00,1573
410,PRD,1976,LAST,1590,1.00,1588
410,TRD,1976,LAST,1541,1.00,1528
410,TRD,1976,LAST,1542,1.00,1516
410,TRD,1976,LAST,1543,1.00,1517
410,TRD,1976,LAST,1544,1.00,1518
410,TRD,1976,LAST,1545,1.00,1532
410,TRD,1976,LAST,1546,1.00,1520
410,TRD,1976,LAST,1548,1.00,1535
410,TRD,1976,LAST,1549,1.00,1523
410,TRD,1976,LAST,1574,1.00,1573
410,TRD,1976,LAST,1590,1.00,1588
410,PRD,1976,1982,1534,1.00,1547
410,PRD,2002,2013,1534,1.00,1547
410,PRD,2015,LAST,1534,1.00,1547
410,EXP,1976,1977,1534,1.00,1547
410,EXP,1980,1980,1534,1.00,1547
414,EXP,1976,1990,1541,1.00,1540
414,TRD,1976,LAST,1546,1.00,1507
414,EXP,2011,2011,1542,1.00,1543
414,EXP,2007,2007,1563,1.00,1554
414,EXP,2008,2008,1571,1.00,1554
417,EXP,1992,LAST,1544,1.00,1531
417,IMP,1997,1997,1541,1.00,1528
417,PRD,1992,LAST,1544,1.00,1505
417,TRD,1992,LAST,1546,1.00,1520
417,EXP,1999,2000,1545,1.00,1532
417,IMP,2003,LAST,1548,1.00,1549
417,EXP,2016,2017,1543,1.00,1530
418,EXP,1976,LAST,1503,1.00,1501
418,IMP,1976,LAST,1562,1.00,1563
418,TRD,1976,LAST,1528,1.00,1541
418,TRD,1976,LAST,1554,1.00,1553
418,EXP,2003,2003,1502,1.00,1501
418,IMP,1996,1996,1517,1.00,1543
418,EXP,2001,2001,1517,1.00,1543
418,IMP,2010,2010,1518,1.00,1544
418,EXP,2004,2004,1540,1.00,1541
418,IMP,2008,2008,1555,1.00,1572
418,EXP,2017,2017,1565,1.00,1573
428,PRD,1992,LAST,1541,1.00,1528
428,PRD,1992,LAST,1542,1.00,1516
428,PRD,1992,LAST,1543,1.00,1517
428,PRD,1992,LAST,1544,1.00,1531
428,PRD,1992,LAST,1545,1.00,1532
428,PRD,1992,LAST,1546,1.00,1533
428,TRD,1992,LAST,1541,1.00,1528
428,TRD,1992,LAST,1542,1.00,1516
428,TRD,1992,LAST,1543,1.00,1517
428,TRD,1992,LAST,1544,1.00,1531
428,TRD,1992,LAST,1545,1.00,1532
428,TRD,1992,LAST,1546,1.00,1533
422,IMP,1976,1976,1540,1.00,1541
422,IMP,1976,1976,1545,1.00,1532
422,IMP,1976,1976,1553,1.00,1554
422,EXP,2013,2014,1528,1.00,1527
422,EXP,1999,1999,1531,1.00,1544
422,TRD,1999,2001,1549,1.00,1548
430,PRD,1976,LAST,1541,1.00,1515
430,PRD,1976,LAST,1544,1.00,1531
430,TRD,1976,LAST,1544,1.00,1531
430,TRD,1976,LAST,1545,1.00,1532
430,EXP,1999,2000,1542,1.00,1543
430,EXP,2012,2012,1542,1.00,1543
430,EXP,2015,2015,1562,1.00,1563
430,EXP,2014,2014,1564,1.00,1565
430,EXP,2016,2016,1587,1.00,1562
434,EXP,1976,2007,1501,1.00,1502
434,EXP,2009,LAST,1501,1.00,1502
434,EXP,2008,2008,1501,1.00,1528
434,EXP,1991,LAST,1540,1.00,1527
434,EXP,1976,LAST,1542,1.00,1543
434,EXP,2010,2010,1543,1.00,1530
434,EXP,1976,LAST,1570,1.00,1571
434,EXP,2014,2014,1587,1.00,1590
434,IMP,2006,2006,1574,1.00,1572
434,PRD,1976,LAST,1534,1.00,1547
434,IMP,1976,LAST,1501,1.00,1502
434,TRD,1976,LAST,1534,1.00,1547
434,TRD,1976,LAST,1545,1.00,1532
434,TRD,1976,LAST,1549,1.00,1548
440,EXP,1992,1993,1554,1.00,1571
440,PRD,1992,LAST,1541,1.00,1528
440,PRD,1992,LAST,1542,1.00,1516
440,PRD,1992,LAST,1543,1.00,1517
440,PRD,1992,LAST,1544,1.00,1531
440,PRD,1992,LAST,1545,1.00,1532
440,PRD,2001,LAST,1546,1.00,1520
440,PRD,1992,2000,1546,1.00,1533
440,TRD,1992,LAST,1540,1.00,1527
440,IMP,1992,2000,1541,1.00,1528
440,IMP,2001,LAST,1541,1.00,1515
440,EXP,1992,LAST,1541,1.00,1528
440,TRD,1992,LAST,1542,1.00,1516
440,TRD,1992,LAST,1543,1.00,1517
440,TRD,1992,LAST,1544,1.00,1531
440,TRD,1992,LAST,1545,1.00,1532
440,TRD,2001,LAST,1546,1.00,1520
440,TRD,1992,2000,1546,1.00,1533
440,TRD,1992,LAST,1548,1.00,1535
440,TRD,1992,LAST,1549,1.00,1523
440,TRD,1992,LAST,1563,1.00,1562
442,TRD,2000,LAST,1503,1.00,1504
442,TRD,2000,LAST,1547,1.00,1550
442,EXP,2008,2008,1529,1.00,1530
442,EXP,2012,2012,1529,1.00,1530
450,EXP,1976,LAST,1514,1.00,1540
450,EXP,1976,LAST,1515,1.00,1541
450,EXP,1976,LAST,1532,1.00,1545
450,EXP,1998,LAST,1563,1.00,1562
450,EXP,2004,2007,1570,1.00,1554
450,EXP,2001,2003,1570,1.00,1553
450,EXP,1976,2000,1570,1.00,1571
450,EXP,1992,2007,1534,1.00,1547
450,PRD,1992,2007,1534,1.00,1547
450,IMP,1997,LAST,1541,1.00,1528
450,EXP,1976,1979,1541,1.00,1514
450,EXP,1981,1981,1541,1.00,1514
450,PRD,1976,LAST,1515,1.00,1541
450,PRD,1976,LAST,1532,1.00,1545
450,TRD,1976,LAST,1522,1.00,1548
450,TRD,1976,1981,1544,1.00,1518
450,TRD,1976,LAST,1542,1.00,1543
454,EXP,1990,1990,1514,1.00,1501
454,EXP,1996,1996,1527,1.00,1501
454,EXP,1976,LAST,1540,1.00,1501
454,EXP,1976,LAST,1544,1.00,1505
454,EXP,1981,1984,1554,1.00,1553
454,EXP,1993,1993,1562,1.00,1553
454,EXP,1992,1992,1563,1.00,1554
454,IMP,1976,LAST,1514,1.00,1515
454,TRD,1976,LAST,1542,1.00,1543
454,TRD,1976,LAST,1545,1.00,1532
454,IMP,2010,LAST,1529,1.00,1530
458,EXP,1996,2002,1518,1.00,1520
458,PRD,1992,LAST,1541,1.00,1515
458,PRD,1976,LAST,1558,1.00,1559
458,TRD,1976,LAST,1540,1.00,1527
458,TRD,1976,LAST,1548,1.00,1535
458,TRD,1976,LAST,1549,1.00,1523
458,TRD,1976,LAST,1558,1.00,1559
458,TRD,1976,1987,1563,1.00,1562
458,PRD,1976,LAST,1546,1.00,1533
458,TRD,1976,LAST,1546,1.00,1533
458,EXP,1984,1984,1542,1.00,1543
458,EXP,1990,1990,1565,1.00,1573
462,EXP,1976,LAST,1546,1.00,1520
462,PRD,1976,LAST,1534,1.00,1537
462,PRD,1976,LAST,1544,1.00,1531
462,TRD,1976,LAST,1515,1.00,1514
462,TRD,1976,LAST,1534,1.00,1537
462,TRD,1976,LAST,1542,1.00,1529
462,TRD,1976,LAST,1543,1.00,1517
462,TRD,1976,LAST,1544,1.00,1531
462,TRD,2001,LAST,1549,1.00,1523
466,EXP,1995,1995,1514,1.00,1528
466,EXP,2009,LAST,1514,1.00,1540
466,EXP,2013,LAST,1515,1.00,1540
466,EXP,2002,2002,1527,1.00,1528
466,EXP,1979,1980,1527,1.00,1501
466,EXP,1982,1982,1527,1.00,1501
466,EXP,1996,1997,1531,1.00,1505
466,EXP,1976,1995,1531,1.00,1544
466,EXP,2005,2005,1531,1.00,1544
466,EXP,2008,2008,1531,1.00,1544
466,EXP,2013,2013,1531,1.00,1544
466,EXP,1995,1995,1540,1.00,1528
466,EXP,1977,1977,1544,1.00,1505
466,EXP,1996,2003,1544,1.00,1505
466,EXP,2003,2003,1563,1.00,1553
466,EXP,2015,LAST,1570,1.00,1571
466,IMP,1976,LAST,1531,1.00,1544
466,PRD,1976,LAST,1534,1.00,1508
466,EXP,2013,LAST,1534,1.00,1508
466,TRD,1976,LAST,1541,1.00,1540
466,TRD,1995,LAST,1542,1.00,1543
466,TRD,1976,LAST,1545,1.00,1532
466,TRD,1976,LAST,1554,1.00,1553
466,TRD,1976,LAST,1563,1.00,1562
470,EXP,1976,1983,1540,1.00,1514
470,EXP,1986,1986,1540,1.00,1514
470,EXP,1988,1992,1540,1.00,1514
470,EXP,1994,LAST,1540,1.00,1514
470,EXP,1996,1997,1542,1.00,1543
470,EXP,2001,2001,1507,1.00,1506
470,IMP,1998,1998,1523,1.00,1549
470,EXP,1984,1984,1540,1.00,1527
470,EXP,1987,1987,1540,1.00,1527
470,EXP,1996,1996,1571,1.00,1570
470,EXP,2010,2010,1542,1.00,1530
470,EXP,2017,2017,1542,1.00,1530
584,EXP,1976,LAST,1515,1.00,1541
584,EXP,2002,LAST,1520,1.00,1546
584,EXP,2003,LAST,1542,1.00,1529
584,EXP,2005,LAST,1543,1.00,1530
584,EXP,1997,1997,1501,1.00,1540
584,EXP,2002,2003,1501,1.00,1540
584,EXP,2015,2016,1502,1.00,1541
584,EXP,1996,1997,1518,1.00,1544
584,EXP,1997,1997,1527,1.00,1540
584,EXP,1999,1999,1528,1.00,1541
584,TRD,2002,LAST,1563,1.00,1562
584,EXP,2009,2009,1571,1.00,1562
584,EXP,2013,2013,1573,1.00,1556
478,PRD,1976,1990,1541,1.00,1515
478,TRD,1976,1990,1541,1.00,1515
478,IMP,1996,1996,1520,1.00,1546
478,EXP,2000,2010,1523,1.00,1549
478,EXP,1977,1978,1544,1.00,1531
478,IMP,1998,1998,1565,1.00,1556
478,IMP,2015,2015,1565,1.00,1556
478,EXP,2000,2015,1565,1.00,1573
478,EXP,2010,LAST,1563,1.00,1562
478,EXP,2000,2008,1563,1.00,1571
478,EXP,2015,2015,1588,1.00,1564
478,EXP,2005,2005,1545,1.00,1532
478,EXP,2006,2008,1534,1.00,1547
478,EXP,2010,LAST,1540,1.00,1527
478,EXP,2016,2016,1501,1.00,1527
478,EXP,2010,LAST,1541,1.00,1528
480,PRD,1976,LAST,1534,1.00,1537
480,PRD,1976,LAST,1541,1.00,1528
480,PRD,1976,LAST,1544,1.00,1518
480,TRD,1976,LAST,1534,1.00,1537
480,TRD,1976,LAST,1541,1.00,1528
480,TRD,1976,LAST,1543,1.00,1530
484,PRD,1976,LAST,1518,1.00,1520
484,TRD,1990,LAST,1550,1.00,1537
583,EXP,1976,LAST,1543,1.00,1542
583,EXP,1976,LAST,1544,1.00,1546
583,EXP,1988,LAST,1553,1.00,1554
583,IMP,1976,LAST,1515,1.00,1514
583,EXP,2011,LAST,1515,1.00,1514
583,EXP,2007,2009,1563,1.00,1554
583,EXP,2005,LAST,1562,1.00,1553
583,EXP,2007,2014,1564,1.00,1572
583,EXP,1996,1996,1565,1.00,1573
583,EXP,2001,2001,1565,1.00,1573
583,EXP,2007,2007,1565,1.00,1573
583,EXP,2010,2010,1565,1.00,1573
583,EXP,1997,1997,1590,1.00,1573
583,IMP,2007,2007,1534,1.00,1550
583,IMP,2009,2009,1517,1.00,1516
583,EXP,2002,2002,1502,1.00,1541
583,EXP,2004,2008,1515,1.00,1540
498,EXP,1994,LAST,1540,1.00,1541
498,EXP,1994,1994,1541,1.00,1528
498,EXP,1994,1994,1562,1.00,1501
498,IMP,1994,1994,1555,1.00,1556
498,TRD,1992,LAST,1557,1.00,1556
498,EXP,2002,2002,1531,1.00,1544
498,EXP,1996,1996,1533,1.00,1546
498,EXP,1999,1999,1533,1.00,1546
498,EXP,2009,2009,1563,1.00,1554
498,EXP,2005,2005,1565,1.00,1556
496,EXP,1976,LAST,1501,1.00,1502
496,EXP,2008,2008,1542,1.00,1543
496,EXP,1996,1996,1544,1.00,1505
496,EXP,2004,2004,1544,1.00,1505
496,EXP,1995,1995,1554,1.00,1502
496,EXP,2003,2003,1554,1.00,1502
496,EXP,2012,2012,1554,1.00,1502
496,IMP,2004,LAST,1570,1.00,1571
496,IMP,1998,LAST,1542,1.00,1543
496,EXP,2010,2010,1540,1.00,1541
496,EXP,2011,2011,1528,1.00,1541
496,IMP,1998,LAST,1514,1.00,1515
496,EXP,2016,2016,1514,1.00,1515
496,EXP,2014,2015,1514,1.00,1502
496,EXP,2012,2012,1515,1.00,1502
496,EXP,2015,2015,1515,1.00,1502
496,EXP,2012,2012,1541,1.00,1502
496,EXP,1998,2000,1540,1.00,1502
496,EXP,2000,2000,1504,1.00,1502
496,EXP,1999,2000,1503,1.00,1502
496,EXP,1997,2000,1544,1.00,1531
504,EXP,1976,1976,1518,1.00,1544
504,EXP,1976,LAST,1529,1.00,1530
504,EXP,2006,LAST,1549,1.00,1536
504,EXP,1976,1985,1540,1.00,1527
504,EXP,1988,LAST,1540,1.00,1527
504,EXP,2000,2009,1562,1.00,1553
504,EXP,1997,1997,1563,1.00,1554
504,EXP,2000,2001,1563,1.00,1554
504,EXP,1995,1996,1563,1.00,1562
504,EXP,1993,1994,1563,1.00,1571
504,EXP,2003,2014,1563,1.00,1554
504,EXP,2004,2005,1564,1.00,1555
504,EXP,2003,2004,1565,1.00,1556
504,EXP,2010,2011,1565,1.00,1556
504,EXP,1993,LAST,1590,1.00,1556
504,EXP,1994,LAST,1587,1.00,1570
504,EXP,2015,2017,1588,1.00,1587
504,IMP,1976,LAST,1549,1.00,1536
504,PRD,1976,LAST,1541,1.00,1528
504,PRD,1976,LAST,1548,1.00,1535
504,TRD,1976,LAST,1541,1.00,1528
504,TRD,1976,LAST,1542,1.00,1543
504,TRD,1976,1985,1547,1.00,1534
504,TRD,1976,LAST,1548,1.00,1535
508,EXP,2001,2001,1514,1.00,1527
508,EXP,2001,2002,1517,1.00,1543
508,EXP,2001,2001,1518,1.00,1544
508,EXP,1995,1995,1527,1.00,1540
508,EXP,2000,2000,1528,1.00,1541
508,EXP,1976,LAST,1563,1.00,1571
508,EXP,1994,LAST,1562,1.00,1553
508,IMP,1976,LAST,1516,1.00,1517
508,IMP,2002,2002,1533,1.00,1546
508,IMP,1976,1997,1545,1.00,1532
508,IMP,1998,1998,1547,1.00,1534
508,TRD,1976,LAST,1542,1.00,1543
104,EXP,1976,1977,1520,1.00,1546
104,EXP,2005,2005,1520,1.00,1546
104,EXP,2005,2005,1531,1.00,1544
104,EXP,1976,LAST,1534,1.00,1547
104,EXP,1979,LAST,1540,1.00,1541
104,EXP,1976,LAST,1553,1.00,1555
104,IMP,1998,1998,1504,1.00,1502
104,IMP,1995,LAST,1534,1.00,1547
104,IMP,1993,1993,1570,1.00,1571
104,IMP,2002,2002,1570,1.00,1571
104,PRD,2005,LAST,1534,1.00,1547
104,PRD,1976,2000,1555,1.00,1554
516,EXP,2000,2001,1540,1.00,1514
516,EXP,2000,LAST,1541,1.00,1515
516,EXP,2000,LAST,1543,1.00,1530
516,EXP,1976,LAST,1554,1.00,1553
516,EXP,2000,2000,1562,1.00,1553
516,EXP,2001,2003,1562,1.00,1570
516,EXP,1976,LAST,1563,1.00,1562
516,EXP,2000,2000,1571,1.00,1553
516,IMP,2000,LAST,1541,1.00,1528
516,PRD,1976,LAST,1541,1.00,1528
516,PRD,1976,LAST,1548,1.00,1535
516,TRD,1976,1999,1541,1.00,1528
516,TRD,1976,LAST,1548,1.00,1535
516,TRD,1976,LAST,1549,1.00,1523
524,IMP,1976,LAST,1527,1.00,1528
524,IMP,1976,LAST,1542,1.00,1543
524,EXP,1999,1999,1514,1.00,1501
524,EXP,2012,2012,1529,1.00,1504
524,EXP,1999,1999,1534,1.00,1550
524,EXP,1994,1994,1542,1.00,1504
524,EXP,2001,2001,1543,1.00,1504
524,EXP,2003,2003,1540,1.00,1501
524,EXP,2012,2012,1570,1.00,1563
530,EXP,1997,1997,1501,1.00,1502
530,EXP,1999,2003,1520,1.00,1546
530,EXP,2003,2003,1534,1.00,1550
530,EXP,2000,2000,1542,1.00,1543
530,EXP,2001,2001,1547,1.00,1550
530,TRD,1976,LAST,1530,1.00,1543
530,EXP,1976,2002,1541,1.00,1540
530,IMP,1976,LAST,1541,1.00,1540
530,EXP,2004,LAST,1541,1.00,1540
530,TRD,1976,LAST,1554,1.00,1553
530,TRD,1976,LAST,1557,1.00,1556
530,TRD,1976,LAST,1570,1.00,1571
530,EXP,1996,1996,1515,1.00,1540
530,EXP,2003,2003,1541,1.00,1527
530,IMP,2009,2009,1535,1.00,1548
530,EXP,2004,2004,1549,1.00,1548
528,EXP,1991,LAST,1570,1.00,1571
528,PRD,1976,LAST,1541,1.00,1528
528,PRD,1976,LAST,1542,1.00,1516
528,PRD,1976,LAST,1543,1.00,1517
528,PRD,1976,LAST,1544,1.00,1518
528,PRD,1976,LAST,1545,1.00,1532
528,PRD,1976,LAST,1546,1.00,1533
528,TRD,1976,LAST,1540,1.00,1514
528,TRD,1976,LAST,1541,1.00,1528
528,TRD,1976,LAST,1542,1.00,1516
528,TRD,1976,LAST,1543,1.00,1517
528,TRD,1976,LAST,1544,1.00,1518
528,TRD,1976,LAST,1545,1.00,1532
528,TRD,1976,LAST,1546,1.00,1533
528,TRD,1976,LAST,1547,1.00,1534
528,TRD,1976,LAST,1548,1.00,1535
528,TRD,1976,LAST,1549,1.00,1523
554,EXP,1998,LAST,1540,1.00,1514
554,IMP,1976,LAST,1503,1.00,1504
554,PRD,1976,LAST,1541,1.00,1515
554,PRD,1976,LAST,1542,1.00,1516
554,PRD,1976,LAST,1543,1.00,1517
554,PRD,1997,LAST,1544,1.00,1518
554,PRD,1997,LAST,1545,1.00,1519
554,PRD,1976,LAST,1546,1.00,1520
554,TRD,1976,LAST,1541,1.00,1515
554,TRD,1976,LAST,1542,1.00,1516
554,TRD,1976,LAST,1543,1.00,1517
554,TRD,1997,LAST,1544,1.00,1518
554,TRD,1997,LAST,1545,1.00,1519
554,TRD,1976,LAST,1546,1.00,1520
554,EXP,1996,2003,1590,1.00,1574
554,EXP,1976,1987,1530,1.00,1517
554,PRD,1979,1987,1530,1.00,1517
554,EXP,1988,1991,1531,1.00,1518
554,EXP,1988,1988,1570,1.00,1571
554,TRD,1994,LAST,1549,1.00,1523
554,PRD,1993,1996,1549,1.00,1523
554,PRD,1998,LAST,1549,1.00,1523
554,IMP,1988,2004,1534,1.00,1521
554,IMP,2005,LAST,1534,1.00,1537
554,EXP,2010,LAST,1534,1.00,1537
554,EXP,1984,1990,1534,1.00,1537
540,EXP,1986,1987,1501,1.00,1502
540,EXP,1994,1994,1546,1.00,1545
540,TRD,1976,LAST,1516,1.00,1517
540,TRD,1976,LAST,1542,1.00,1543
540,TRD,1976,LAST,1553,1.00,1554
540,TRD,1986,1996,1563,1.00,1562
540,TRD,1976,LAST,1570,1.00,1571
558,EXP,1993,1993,1528,1.00,1541
558,EXP,1994,1995,1540,1.00,1514
558,EXP,1997,1998,1540,1.00,1514
558,EXP,2002,2003,1540,1.00,1514
558,EXP,1999,2001,1540,1.00,1527
558,EXP,1997,2003,1543,1.00,1530
558,EXP,1994,2001,1570,1.00,1571
558,PRD,2000,2000,1541,1.00,1528
558,PRD,2005,LAST,1541,1.00,1528
558,EXP,2012,2013,1562,1.00,1563
558,EXP,2009,LAST,1541,1.00,1528
562,EXP,2001,2003,1503,1.00,1504
562,EXP,1999,2003,1514,1.00,1501
562,EXP,1976,LAST,1518,1.00,1505
562,EXP,1996,1996,1527,1.00,1540
562,EXP,2003,2003,1527,1.00,1540
562,EXP,2016,2016,1527,1.00,1541
562,EXP,1998,2003,1528,1.00,1541
562,EXP,1999,LAST,1531,1.00,1505
562,EXP,1997,LAST,1540,1.00,1501
562,EXP,1993,1995,1540,1.00,1527
562,EXP,1993,2003,1543,1.00,1504
562,EXP,1976,LAST,1544,1.00,1505
562,EXP,1999,1999,1553,1.00,1562
562,EXP,2009,2009,1553,1.00,1554
562,EXP,2008,2008,1562,1.00,1540
562,EXP,2013,2013,1562,1.00,1540
562,IMP,1998,2003,1542,1.00,1543
562,TRD,1976,LAST,1502,1.00,1501
562,TRD,1976,LAST,1506,1.00,1507
562,IMP,2002,2002,1549,1.00,1548
562,IMP,1976,LAST,1571,1.00,1570
562,EXP,1993,1997,1571,1.00,1554
566,EXP,1997,1997,1564,1.00,1572
566,EXP,2001,2001,1588,1.00,1572
566,EXP,1986,1986,1571,1.00,1553
566,EXP,2003,2005,1571,1.00,1562
566,EXP,1989,1989,1562,1.00,1553
566,EXP,2004,2004,1587,1.00,1570
566,IMP,1976,LAST,1540,1.00,1515
566,TRD,1976,LAST,1507,1.00,1506
566,TRD,1976,LAST,1541,1.00,1515
566,TRD,1976,LAST,1542,1.00,1516
566,TRD,1976,LAST,1543,1.00,1517
566,TRD,1976,LAST,1544,1.00,1518
566,TRD,1976,LAST,1545,1.00,1532
566,TRD,1976,LAST,1548,1.00,1535
566,TRD,1976,LAST,1549,1.00,1523
566,TRD,1976,LAST,1554,1.00,1553
566,TRD,1976,LAST,1563,1.00,1571
578,EXP,1976,LAST,1541,1.00,1515
578,IMP,1976,LAST,1541,1.00,1528
578,PRD,1976,LAST,1521,1.00,1524
578,PRD,1976,LAST,1541,1.00,1515
578,PRD,1976,LAST,1542,1.00,1516
578,PRD,1976,LAST,1543,1.00,1517
578,PRD,1976,LAST,1544,1.00,1518
578,PRD,1976,LAST,1545,1.00,1532
578,PRD,1976,LAST,1546,1.00,1520
578,PRD,1976,LAST,1548,1.00,1535
578,PRD,1976,LAST,1549,1.00,1523
578,PRD,1976,LAST,1557,1.00,1556
578,TRD,1990,LAST,1540,1.00,1514
578,TRD,1976,LAST,1542,1.00,1516
578,TRD,1976,LAST,1543,1.00,1517
578,TRD,1976,LAST,1544,1.00,1518
578,TRD,1976,LAST,1545,1.00,1532
578,TRD,1976,LAST,1546,1.00,1520
578,TRD,1976,LAST,1547,1.00,1534
578,TRD,1976,LAST,1548,1.00,1535
578,TRD,1976,LAST,1549,1.00,1523
578,TRD,1976,LAST,1557,1.00,1556
578,EXP,1982,1985,1562,1.00,1570
578,EXP,1989,1989,1570,1.00,1571
578,EXP,1991,1991,1570,1.00,1571
578,EXP,1996,1998,1565,1.00,1556
578,EXP,1999,1999,1570,1.00,1571
578,EXP,2003,2005,1571,1.00,1554
578,EXP,2003,2003,1570,1.00,1554
578,EXP,2008,2008,1571,1.00,1554
578,EXP,2002,2006,1587,1.00,1571
578,EXP,2007,2007,1587,1.00,1562
578,EXP,1976,1986,1550,1.00,1534
512,EXP,1976,LAST,1540,1.00,1527
512,EXP,1976,LAST,1541,1.00,1528
512,EXP,2002,2002,1549,1.00,1548
512,EXP,2000,2003,1563,1.00,1571
512,PRD,1976,LAST,1541,1.00,1528
512,TRD,1976,LAST,1542,1.00,1543
512,TRD,1976,LAST,1544,1.00,1531
512,EXP,2001,2006,1501,1.00,1514
512,EXP,2001,2003,1502,1.00,1515
512,EXP,2004,2005,1502,1.00,1528
512,EXP,2012,2012,1502,1.00,1515
512,EXP,2004,2017,1563,1.00,1554
512,EXP,2015,2017,1562,1.00,1570
512,EXP,1998,1998,1562,1.00,1570
512,EXP,2008,2008,1562,1.00,1570
512,EXP,2013,2013,1587,1.00,1570
512,EXP,2017,2017,1503,1.00,1504
586,EXP,1976,1984,1544,1.00,1518
586,EXP,1997,LAST,1544,1.00,1518
586,EXP,1993,1993,1565,1.00,1556
586,IMP,1976,LAST,1544,1.00,1518
586,PRD,1976,LAST,1541,1.00,1528
586,PRD,1976,LAST,1544,1.00,1518
586,PRD,1976,LAST,1545,1.00,1532
586,PRD,1976,LAST,1546,1.00,1533
586,TRD,1976,LAST,1541,1.00,1528
586,TRD,1976,LAST,1542,1.00,1517
586,TRD,1976,LAST,1543,1.00,1517
586,TRD,1976,LAST,1545,1.00,1532
586,TRD,1976,LAST,1546,1.00,1533
586,TRD,1976,LAST,1548,1.00,1535
586,TRD,1976,LAST,1549,1.00,1523
586,EXP,1985,1985,1562,1.00,1570
586,EXP,1988,1988,1562,1.00,1570
586,EXP,1997,1997,1563,1.00,1571
586,EXP,2003,2003,1563,1.00,1571
586,EXP,2007,2007,1563,1.00,1571
586,EXP,2012,2012,1563,1.00,1571
586,EXP,2014,2014,1563,1.00,1571
586,EXP,2016,2017,1563,1.00,1562
586,EXP,2007,LAST,1558,1.00,1559
586,EXP,2002,LAST,1565,1.00,1573
585,EXP,1998,1998,1528,1.00,1540
585,TRD,1976,LAST,1518,1.00,1544
585,TRD,1976,1994,1527,1.00,1540
585,TRD,1976,LAST,1542,1.00,1543
591,EXP,2003,LAST,1501,1.00,1527
591,EXP,1996,2007,1542,1.00,1528
591,IMP,1998,1998,1517,1.00,1516
591,TRD,1976,1987,1541,1.00,1540
591,TRD,1976,LAST,1548,1.00,1535
591,TRD,1986,1993,1557,1.00,1556
598,EXP,1992,1993,1527,1.00,1541
598,EXP,1990,1994,1528,1.00,1541
598,EXP,1990,1994,1530,1.00,1543
598,EXP,1990,1994,1531,1.00,1544
598,EXP,1996,1996,1565,1.00,1588
598,EXP,1998,1998,1565,1.00,1588
598,EXP,1995,1995,1571,1.00,1588
598,TRD,1990,1994,1529,1.00,1542
598,TRD,1976,LAST,1546,1.00,1545
598,TRD,1976,LAST,1554,1.00,1553
598,TRD,1976,LAST,1562,1.00,1563
600,EXP,1986,LAST,1514,1.00,1501
600,EXP,1989,LAST,1540,1.00,1501
600,EXP,1991,LAST,1541,1.00,1501
600,IMP,1996,1996,1550,1.00,1591
600,IMP,1995,1995,1564,1.00,1565
600,IMP,1996,LAST,1570,1.00,1571
600,EXP,2004,2004,1515,1.00,1541
600,EXP,1979,1979,1545,1.00,1506
604,EXP,1994,1998,1563,1.00,1571
604,PRD,1976,LAST,1541,1.00,1528
604,PRD,1976,LAST,1542,1.00,1516
604,PRD,1976,LAST,1543,1.00,1517
604,PRD,1976,LAST,1544,1.00,1518
604,PRD,1976,LAST,1545,1.00,1532
604,PRD,1976,LAST,1555,1.00,1564
604,TRD,1976,LAST,1541,1.00,1528
604,TRD,1976,LAST,1542,1.00,1516
604,TRD,1976,LAST,1543,1.00,1517
604,TRD,1976,LAST,1544,1.00,1518
604,TRD,1976,LAST,1545,1.00,1532
604,TRD,1976,LAST,1546,1.00,1533
604,TRD,1976,LAST,1548,1.00,1535
604,TRD,1976,LAST,1549,1.00,1523
604,EXP,1993,LAST,1558,1.00,1534
604,EXP,1999,LAST,1563,1.00,1562
604,EXP,2004,LAST,1565,1.00,1573
608,PRD,1976,LAST,1544,1.00,1531
608,PRD,1976,LAST,1546,1.00,1533
608,TRD,1976,LAST,1542,1.00,1516
608,TRD,1976,LAST,1543,1.00,1517
608,TRD,1976,LAST,1544,1.00,1531
608,TRD,1976,LAST,1545,1.00,1532
608,TRD,1976,LAST,1546,1.00,1533
608,TRD,1976,LAST,1548,1.00,1535
608,TRD,1976,LAST,1549,1.00,1523
608,TRD,1976,1990,1571,1.00,1570
608,EXP,1991,LAST,1540,1.00,1527
616,EXP,1992,1994,1565,1.00,1556
616,EXP,1996,1996,1565,1.00,1556
616,PRD,1976,LAST,1541,1.00,1515
616,PRD,1976,LAST,1542,1.00,1516
616,PRD,1976,LAST,1543,1.00,1517
616,PRD,1976,LAST,1544,1.00,1518
616,PRD,1976,LAST,1545,1.00,1519
616,PRD,1976,1999,1546,1.00,1533
616,PRD,1976,LAST,1547,1.00,1550
616,PRD,1976,LAST,1548,1.00,1535
616,TRD,1976,LAST,1540,1.00,1527
616,TRD,1976,LAST,1541,1.00,1515
616,TRD,1976,LAST,1542,1.00,1516
616,TRD,1976,LAST,1543,1.00,1517
616,TRD,1976,LAST,1544,1.00,1531
616,TRD,1976,LAST,1545,1.00,1532
616,TRD,1976,LAST,1546,1.00,1533
616,TRD,1976,LAST,1547,1.00,1550
616,TRD,1976,LAST,1548,1.00,1535
616,TRD,1976,LAST,1549,1.00,1523
616,TRD,1976,2003,1563,1.00,1562
620,PRD,1976,LAST,1546,1.00,1533
620,PRD,1976,LAST,1548,1.00,1535
620,PRD,1976,LAST,1549,1.00,1523
620,TRD,1976,LAST,1503,1.00,1504
620,TRD,1976,LAST,1519,1.00,1520
620,TRD,1976,LAST,1546,1.00,1533
620,TRD,1976,LAST,1548,1.00,1535
620,TRD,1976,LAST,1549,1.00,1523
620,EXP,1981,1981,1529,1.00,1530
620,PRD,2006,LAST,1543,1.00,1530
634,EXP,1976,LAST,1518,1.00,1520
634,EXP,1976,LAST,1563,1.00,1570
634,IMP,1976,LAST,1557,1.00,1556
634,TRD,1976,LAST,1546,1.00,1545
634,TRD,1976,LAST,1547,1.00,1534
634,TRD,1976,LAST,1571,1.00,1570
642,EXP,1994,1994,1519,1.00,1532
642,EXP,1989,1989,1541,1.00,1528
642,EXP,1976,LAST,1548,1.00,1535
642,EXP,1976,LAST,1549,1.00,1523
642,EXP,1995,1995,1562,1.00,1563
642,EXP,1998,1999,1563,1.00,1562
642,IMP,1976,LAST,1503,1.00,1504
642,IMP,1976,LAST,1547,1.00,1534
642,IMP,1976,LAST,1548,1.00,1535
642,IMP,1976,LAST,1549,1.00,1523
642,PRD,1976,LAST,1541,1.00,1528
642,PRD,1976,LAST,1544,1.00,1505
642,PRD,1976,LAST,1545,1.00,1532
642,PRD,1976,LAST,1548,1.00,1535
642,TRD,1976,LAST,1542,1.00,1543
642,TRD,1976,LAST,1588,1.00,1590
643,EXP,1992,LAST,1541,1.00,1515
643,IMP,1992,LAST,1541,1.00,1528
643,PRD,1992,LAST,1530,1.00,1517
643,PRD,1992,LAST,1541,1.00,1515
643,PRD,1992,LAST,1543,1.00,1517
643,PRD,1992,LAST,1544,1.00,1518
643,PRD,1992,LAST,1545,1.00,1532
643,PRD,1992,LAST,1546,1.00,1520
643,PRD,1992,LAST,1548,1.00,1535
643,PRD,2016,2017,1542,1.00,1516
643,TRD,1992,LAST,1540,1.00,1514
643,TRD,1992,LAST,1542,1.00,1516
643,TRD,1992,LAST,1543,1.00,1517
643,TRD,1992,LAST,1544,1.00,1531
643,TRD,1992,LAST,1545,1.00,1532
643,TRD,1992,LAST,1546,1.00,1520
643,TRD,1992,LAST,1548,1.00,1535
643,TRD,1992,LAST,1549,1.00,1523
643,PRD,1992,LAST,1550,1.00,1524
643,TRD,1992,LAST,1550,1.00,1524
646,TRD,1976,LAST,1515,1.00,1528
646,TRD,1976,LAST,1554,1.00,1553
646,EXP,2016,2016,1527,1.00,1528
646,EXP,2010,2010,1529,1.00,1530
646,EXP,2008,2016,1534,1.00,1550
646,EXP,2013,2013,1540,1.00,1541
646,EXP,2008,2008,1527,1.00,1501
646,EXP,2012,2012,1531,1.00,1544
646,EXP,2013,2013,1545,1.00,1532
646,EXP,2014,2014,1553,1.00,1540
646,EXP,2014,2014,1570,1.00,1540
646,EXP,2013,2013,1570,1.00,1501
646,EXP,2007,2008,1540,1.00,1501
646,EXP,2005,2008,1541,1.00,1502
646,EXP,2016,2016,1507,1.00,1532
646,PRD,2014,2016,1534,1.00,1550
882,EXP,2001,2003,1502,1.00,1528
882,EXP,2001,2001,1571,1.00,1562
882,EXP,2000,LAST,1534,1.00,1537
882,TRD,1976,LAST,1554,1.00,1553
882,EXP,2004,2004,1531,1.00,1544
882,EXP,2004,2012,1502,1.00,1528
882,EXP,2000,2008,1542,1.00,1529
882,EXP,1995,1998,1588,1.00,1564
882,EXP,2007,2007,1515,1.00,1541
882,EXP,2002,2003,1501,1.00,1502
882,EXP,2013,2013,1528,1.00,1541
882,EXP,2014,2014,1501,1.00,1540
882,EXP,2016,2016,1501,1.00,1540
882,EXP,2013,2014,1502,1.00,1541
882,EXP,2016,2017,1502,1.00,1541
882,EXP,2014,2014,1503,1.00,1542
882,IMP,2001,2012,1543,1.00,1530
882,EXP,2004,2010,1543,1.00,1530
678,EXP,1999,1999,1515,1.00,1528
678,IMP,1999,LAST,1553,1.00,1554
678,TRD,1976,LAST,1563,1.00,1562
682,EXP,1998,1999,1562,1.00,1570
682,EXP,2004,2005,1562,1.00,1570
682,EXP,2008,2015,1562,1.00,1570
682,PRD,1991,LAST,1541,1.00,1515
682,PRD,1976,LAST,1545,1.00,1532
682,TRD,1976,LAST,1545,1.00,1532
682,EXP,1995,1995,1530,1.00,1543
682,EXP,2009,2009,1530,1.00,1543
682,EXP,2008,2010,1540,1.00,1514
682,EXP,2006,2006,1542,1.00,1543
682,EXP,2012,2012,1542,1.00,1543
682,EXP,2014,2014,1542,1.00,1543
682,EXP,2016,2017,1565,1.00,1556
682,EXP,2012,2017,1564,1.00,1572
682,IMP,2009,2009,1564,1.00,1572
682,EXP,1995,1995,1571,1.00,1570
686,EXP,1976,LAST,1555,1.00,1564
686,EXP,1995,LAST,1563,1.00,1562
686,EXP,1976,1994,1563,1.00,1571
686,EXP,1976,1986,1570,1.00,1571
686,EXP,1990,LAST,1534,1.00,1537
686,EXP,2004,LAST,1540,1.00,1514
686,EXP,2016,2016,1587,1.00,1570
686,IMP,1996,1998,1504,1.00,1503
686,IMP,2016,2016,1573,1.00,1565
686,IMP,2015,2015,1590,1.00,1588
686,PRD,1982,1989,1534,1.00,1537
686,PRD,1976,LAST,1541,1.00,1528
686,PRD,1987,LAST,1543,1.00,1517
686,PRD,1976,LAST,1544,1.00,1531
686,TRD,1976,LAST,1506,1.00,1507
686,TRD,1982,1989,1534,1.00,1537
686,TRD,1976,LAST,1541,1.00,1528
686,TRD,1976,LAST,1542,1.00,1516
686,TRD,1987,LAST,1543,1.00,1517
686,TRD,1976,LAST,1544,1.00,1531
686,TRD,1976,LAST,1545,1.00,1532
686,TRD,1976,LAST,1546,1.00,1520
686,TRD,1976,1981,1547,1.00,1534
686,TRD,1990,LAST,1547,1.00,1534
686,TRD,1982,1989,1547,1.00,1537
686,TRD,1976,LAST,1548,1.00,1535
686,TRD,1976,LAST,1549,1.00,1523
688,TRD,2006,LAST,1548,1.00,1535
688,TRD,2006,LAST,1549,1.00,1523
688,TRD,2006,LAST,1546,1.00,1533
688,PRD,2006,LAST,1546,1.00,1533
688,EXP,2017,2017,1570,1.00,1571
891,EXP,1996,LAST,1527,1.00,1528
891,EXP,1992,1995,1527,1.00,1541
891,EXP,1992,1995,1528,1.00,1541
891,EXP,1998,LAST,1540,1.00,1541
891,EXP,1996,LAST,1553,1.00,1554
891,EXP,1992,1992,1553,1.00,1563
891,EXP,1992,1997,1562,1.00,1563
891,EXP,2000,LAST,1562,1.00,1563
891,EXP,1998,1999,1562,1.00,1571
891,EXP,2000,2000,1565,1.00,1573
891,TRD,1992,LAST,1514,1.00,1515
891,TRD,1992,LAST,1542,1.00,1543
891,TRD,1992,LAST,1545,1.00,1532
891,TRD,1992,LAST,1548,1.00,1535
891,TRD,1992,LAST,1549,1.00,1523
690,EXP,1976,LAST,1531,1.00,1518
690,EXP,1976,LAST,1540,1.00,1514
690,IMP,1976,LAST,1515,1.00,1514
690,PRD,1976,2001,1534,1.00,1537
690,PRD,1976,LAST,1541,1.00,1528
690,PRD,1976,LAST,1544,1.00,1518
690,TRD,1976,LAST,1505,1.00,1507
690,TRD,1976,2003,1534,1.00,1537
690,TRD,1976,LAST,1541,1.00,1528
690,TRD,1976,LAST,1544,1.00,1518
690,TRD,1976,LAST,1558,1.00,1559
690,TRD,1976,LAST,1563,1.00,1562
690,TRD,1976,LAST,1565,1.00,1573
694,EXP,2016,2016,1529,1.00,1530
694,EXP,1997,LAST,1546,1.00,1532
694,EXP,1976,1977,1553,1.00,1554
694,EXP,1979,1979,1553,1.00,1554
694,EXP,1989,1994,1553,1.00,1554
694,EXP,1999,2001,1553,1.00,1554
694,EXP,2002,2003,1553,1.00,1562
694,EXP,2000,2000,1563,1.00,1554
694,EXP,2011,2013,1588,1.00,1572
694,PRD,1976,LAST,1544,1.00,1531
694,TRD,1984,LAST,1540,1.00,1527
694,TRD,1976,1983,1540,1.00,1528
694,TRD,1976,LAST,1541,1.00,1528
694,IMP,1976,LAST,1542,1.00,1516
694,EXP,1976,2016,1542,1.00,1516
694,EXP,2017,2017,1542,1.00,1529
694,TRD,1976,LAST,1543,1.00,1517
694,TRD,1976,LAST,1544,1.00,1531
694,TRD,1976,LAST,1545,1.00,1532
694,TRD,2002,LAST,1548,1.00,1535
702,EXP,1998,LAST,1534,1.00,1537
702,EXP,1983,2000,1570,1.00,1571
702,PRD,1976,LAST,1541,1.00,1528
702,PRD,1976,LAST,1543,1.00,1530
702,PRD,1988,LAST,1556,1.00,1557
702,TRD,1976,LAST,1540,1.00,1527
702,TRD,1976,LAST,1541,1.00,1528
702,TRD,1976,LAST,1542,1.00,1529
702,TRD,1976,LAST,1543,1.00,1530
702,TRD,1976,LAST,1549,1.00,1523
705,PRD,1992,LAST,1534,1.00,1537
705,PRD,1992,LAST,1541,1.00,1528
705,PRD,1992,LAST,1545,1.00,1532
705,TRD,1992,LAST,1545,1.00,1532
705,TRD,1992,2003,1543,1.00,1530
705,EXP,1996,1996,1546,1.00,1532
705,EXP,1996,2000,1570,1.00,1571
90,EXP,1996,2003,1501,1.00,1540
90,EXP,2002,2003,1502,1.00,1541
90,EXP,2001,2001,1527,1.00,1528
90,EXP,1981,LAST,1532,1.00,1545
90,EXP,2002,2003,1542,1.00,1543
90,EXP,2003,2003,1562,1.00,1553
90,EXP,1996,LAST,1563,1.00,1562
90,EXP,1976,LAST,1590,1.00,1588
90,IMP,1981,LAST,1532,1.00,1545
90,PRD,1981,LAST,1532,1.00,1545
90,PRD,1986,LAST,1534,1.00,1537
90,TRD,1999,LAST,1507,1.00,1545
90,TRD,1986,LAST,1534,1.00,1537
90,TRD,1992,LAST,1554,1.00,1553
90,EXP,2017,2017,1564,1.00,1570
90,EXP,2002,2007,1571,1.00,1570
90,EXP,2001,2015,1544,1.00,1531
90,EXP,2016,2016,1518,1.00,1531
90,EXP,2001,2001,1517,1.00,1543
90,EXP,1998,1999,1515,1.00,1514
90,EXP,2003,2005,1514,1.00,1527
90,EXP,2012,2014,1514,1.00,1527
90,EXP,2005,2007,1506,1.00,1545
90,EXP,2016,2016,1506,1.00,1545
90,EXP,2017,2017,1503,1.00,1530
706,EXP,2001,2001,1517,1.00,1543
706,EXP,1997,LAST,1520,1.00,1546
706,EXP,2000,LAST,1528,1.00,1541
706,PRD,1976,LAST,1532,1.00,1545
706,TRD,1976,LAST,1514,1.00,1540
706,TRD,1976,LAST,1515,1.00,1541
706,TRD,1976,LAST,1532,1.00,1545
706,TRD,1976,LAST,1554,1.00,1553
710,EXP,1996,1997,1590,1.00,1565
710,EXP,2003,2003,1590,1.00,1565
710,EXP,2006,2006,1590,1.00,1565
710,EXP,1980,1981,1557,1.00,1556
710,EXP,2013,2013,1587,1.00,1562
710,EXP,2015,2016,1587,1.00,1562
710,PRD,1986,LAST,1518,1.00,1531
710,PRD,1976,LAST,1541,1.00,1515
710,PRD,1976,LAST,1543,1.00,1517
710,PRD,1976,LAST,1544,1.00,1531
710,PRD,1976,LAST,1548,1.00,1535
710,PRD,1976,1981,1558,1.00,1559
710,TRD,1976,LAST,1540,1.00,1514
710,TRD,1976,LAST,1541,1.00,1515
710,TRD,1976,LAST,1542,1.00,1516
710,TRD,1976,LAST,1543,1.00,1517
710,TRD,1976,LAST,1544,1.00,1531
710,TRD,1976,LAST,1545,1.00,1532
710,TRD,1976,LAST,1548,1.00,1535
710,TRD,1976,LAST,1549,1.00,1523
724,EXP,2005,2005,1516,1.00,1517
724,EXP,1983,1983,1529,1.00,1530
724,EXP,1986,1986,1529,1.00,1530
724,EXP,1976,LAST,1533,1.00,1546
724,EXP,2012,LAST,1540,1.00,1514
724,EXP,2012,LAST,1541,1.00,1515
724,EXP,1977,1978,1542,1.00,1543
724,EXP,1993,2011,1590,1.00,1573
724,PRD,1997,LAST,1545,1.00,1519
724,PRD,1976,LAST,1548,1.00,1535
724,TRD,1997,LAST,1545,1.00,1519
724,TRD,1976,LAST,1547,1.00,1550
724,TRD,1976,LAST,1548,1.00,1535
724,TRD,1976,LAST,1558,1.00,1559
144,PRD,1976,LAST,1541,1.00,1515
144,PRD,1976,LAST,1544,1.00,1531
144,PRD,1976,LAST,1545,1.00,1532
144,EXP,1982,1984,1540,1.00,1514
144,EXP,1976,1977,1540,1.00,1514
144,EXP,1996,1996,1562,1.00,1563
144,EXP,2005,2006,1570,1.00,1571
144,EXP,2000,2000,1563,1.00,1587
144,EXP,1990,1990,1563,1.00,1562
144,TRD,1976,LAST,1541,1.00,1515
144,TRD,1976,LAST,1542,1.00,1529
144,TRD,1976,LAST,1543,1.00,1530
144,TRD,1976,LAST,1544,1.00,1531
144,TRD,1976,LAST,1545,1.00,1532
144,TRD,1976,LAST,1546,1.00,1520
144,TRD,1976,LAST,1548,1.00,1535
144,TRD,1976,LAST,1549,1.00,1523
144,TRD,1976,LAST,1557,1.00,1556
654,TRD,1976,LAST,1503,1.00,1517
654,TRD,1976,LAST,1516,1.00,1517
654,TRD,1976,LAST,1540,1.00,1527
654,TRD,1976,LAST,1541,1.00,1528
654,TRD,1976,LAST,1543,1.00,1530
654,TRD,1995,LAST,1545,1.00,1532
654,TRD,1976,LAST,1554,1.00,1553
659,EXP,1976,LAST,1541,1.00,1528
659,EXP,1993,1993,1562,1.00,1553
659,TRD,1976,LAST,1507,1.00,1506
659,TRD,1976,LAST,1557,1.00,1556
662,IMP,1992,1992,1517,1.00,1543
662,TRD,1976,LAST,1507,1.00,1506
662,TRD,1976,LAST,1542,1.00,1543
662,EXP,1987,1987,1553,1.00,1554
662,IMP,2013,2013,1516,1.00,1517
662,IMP,2017,2017,1516,1.00,1517
662,EXP,2002,2003,1528,1.00,1527
662,IMP,2012,2012,1533,1.00,1532
666,EXP,2001,2001,1528,1.00,1515
666,EXP,1999,1999,1528,1.00,1515
666,EXP,1976,LAST,1534,1.00,1521
666,EXP,2001,2001,1542,1.00,1516
666,EXP,2005,2005,1542,1.00,1516
666,EXP,1976,LAST,1543,1.00,1517
666,EXP,1976,LAST,1546,1.00,1520
666,EXP,1976,LAST,1547,1.00,1521
666,EXP,1976,2014,1554,1.00,1553
666,EXP,2015,2017,1554,1.00,1562
666,EXP,2015,2017,1553,1.00,1562
666,EXP,1976,1987,1544,1.00,1518
666,EXP,2004,2011,1544,1.00,1518
666,IMP,1976,1989,1544,1.00,1518
666,IMP,2012,2012,1544,1.00,1518
666,EXP,1997,1997,1502,1.00,1501
666,EXP,2004,2006,1532,1.00,1519
666,EXP,2004,2011,1545,1.00,1519
666,IMP,2012,2017,1530,1.00,1529
666,EXP,1997,1997,1571,1.00,1553
666,EXP,1980,1981,1553,1.00,1571
666,PRD,1976,LAST,1534,1.00,1521
666,PRD,1995,LAST,1541,1.00,1515
666,PRD,1976,1994,1541,1.00,1517
666,PRD,1976,LAST,1543,1.00,1517
666,PRD,1976,LAST,1547,1.00,1521
666,TRD,1995,LAST,1540,1.00,1514
666,TRD,1995,LAST,1541,1.00,1515
666,TRD,1976,LAST,1550,1.00,1524
670,EXP,1994,1995,1515,1.00,1528
736,EXP,1976,1983,1544,1.00,1505
736,EXP,1979,1981,1545,1.00,1532
736,IMP,1976,1994,1545,1.00,1532
736,EXP,1996,1996,1502,1.00,1501
736,EXP,1995,2005,1514,1.00,1540
736,EXP,2008,2009,1514,1.00,1540
736,EXP,2002,2002,1541,1.00,1540
736,EXP,1996,1996,1531,1.00,1544
736,EXP,1998,1999,1531,1.00,1544
736,EXP,2007,2007,1520,1.00,1546
736,EXP,2009,2009,1527,1.00,1540
736,EXP,1995,2004,1553,1.00,1562
736,EXP,1995,2004,1554,1.00,1562
736,EXP,2011,2011,1554,1.00,1553
736,EXP,1997,1997,1563,1.00,1562
736,EXP,1997,1997,1565,1.00,1562
736,EXP,1997,1997,1571,1.00,1562
736,EXP,2007,2007,1588,1.00,1544
740,EXP,2002,2003,1503,1.00,1504
740,EXP,2014,2017,1503,1.00,1542
740,EXP,1996,2002,1514,1.00,1540
740,EXP,2006,LAST,1514,1.00,1540
740,EXP,1996,2002,1515,1.00,1540
740,EXP,2003,2005,1515,1.00,1514
740,EXP,2006,LAST,1515,1.00,1540
740,EXP,1976,LAST,1520,1.00,1519
740,EXP,1999,1999,1527,1.00,1540
740,EXP,2008,2008,1527,1.00,1540
740,EXP,2011,2011,1527,1.00,1540
740,EXP,2010,2011,1529,1.00,1542
740,EXP,1997,1997,1531,1.00,1544
740,EXP,2007,2007,1531,1.00,1544
740,EXP,2003,2004,1541,1.00,1515
740,EXP,2003,2005,1544,1.00,1518
740,EXP,1994,1995,1553,1.00,1554
740,EXP,2002,2003,1562,1.00,1553
740,EXP,2005,2005,1562,1.00,1553
740,EXP,2012,2012,1562,1.00,1553
740,EXP,1976,LAST,1563,1.00,1554
740,EXP,2015,2015,1564,1.00,1555
740,EXP,2015,2017,1565,1.00,1556
740,EXP,1994,1995,1570,1.00,1553
740,EXP,2002,2003,1570,1.00,1553
740,EXP,2005,2005,1570,1.00,1553
740,EXP,2002,2005,1571,1.00,1554
740,EXP,2016,2016,1571,1.00,1554
740,EXP,2005,2005,1572,1.00,1555
740,EXP,2016,2016,1572,1.00,1555
740,EXP,2012,2012,1588,1.00,1555
740,EXP,2016,2016,1588,1.00,1555
740,EXP,2014,2016,1590,1.00,1557
740,IMP,1994,1995,1545,1.00,1532
740,IMP,1999,1999,1545,1.00,1532
740,TRD,1976,LAST,1507,1.00,1506
740,TRD,1976,LAST,1528,1.00,1541
740,TRD,1976,LAST,1530,1.00,1543
740,TRD,1976,LAST,1546,1.00,1545
740,TRD,1976,LAST,1547,1.00,1550
740,TRD,1976,LAST,1557,1.00,1556
748,EXP,2003,2003,1530,1.00,1543
748,EXP,2002,2003,1540,1.00,1541
748,EXP,1976,LAST,1544,1.00,1531
748,EXP,2001,2003,1549,1.00,1548
748,EXP,2001,2003,1571,1.00,1563
748,IMP,2003,2003,1540,1.00,1541
748,EXP,2010,2010,1527,1.00,1540
748,EXP,2008,2008,1528,1.00,1541
748,EXP,2009,2010,1529,1.00,1543
748,TRD,2004,2005,1540,1.00,1541
748,EXP,1998,1998,1540,1.00,1541
748,EXP,2008,2010,1542,1.00,1543
748,EXP,1998,1998,1549,1.00,1548
748,IMP,2013,2013,1549,1.00,1548
748,EXP,2004,2005,1553,1.00,1554
748,EXP,2002,2002,1563,1.00,1554
748,EXP,2000,2000,1565,1.00,1546
752,EXP,2009,2010,1540,1.00,1514
752,EXP,1976,2008,1540,1.00,1527
752,EXP,2011,2017,1540,1.00,1514
752,EXP,1995,1996,1541,1.00,1515
752,EXP,1988,LAST,1545,1.00,1532
752,IMP,1976,LAST,1540,1.00,1527
752,PRD,1976,LAST,1541,1.00,1528
752,PRD,1993,LAST,1542,1.00,1516
752,PRD,1976,1992,1542,1.00,1529
752,PRD,1976,LAST,1543,1.00,1517
752,PRD,1976,LAST,1544,1.00,1518
752,PRD,1976,LAST,1545,1.00,1532
752,PRD,1976,LAST,1546,1.00,1520
752,PRD,1976,LAST,1548,1.00,1535
752,TRD,1976,LAST,1542,1.00,1516
752,TRD,1976,LAST,1543,1.00,1530
752,TRD,1976,LAST,1544,1.00,1531
752,TRD,1976,LAST,1547,1.00,1534
752,TRD,1976,LAST,1548,1.00,1535
752,TRD,1976,LAST,1549,1.00,1523
756,EXP,1988,LAST,1542,1.00,1516
756,EXP,1988,LAST,1543,1.00,1517
756,IMP,1988,2011,1542,1.00,1516
756,IMP,1988,2011,1543,1.00,1517
756,TRD,1976,LAST,1547,1.00,1550
756,EXP,2015,2015,1582,1.00,1548
760,EXP,2002,2002,1541,1.00,1528
760,EXP,2002,2002,1540,1.00,1527
760,EXP,2005,2005,1540,1.00,1541
760,EXP,2002,2007,1570,1.00,1553
760,EXP,2006,2013,1571,1.00,1562
760,EXP,2016,2016,1588,1.00,1546
760,TRD,1976,LAST,1502,1.00,1501
760,TRD,1976,LAST,1515,1.00,1514
760,TRD,1976,LAST,1542,1.00,1543
760,TRD,1976,LAST,1544,1.00,1518
760,TRD,1976,LAST,1545,1.00,1532
760,TRD,1990,LAST,1548,1.00,1523
760,TRD,1976,LAST,1549,1.00,1523
760,TRD,1976,LAST,1554,1.00,1553
762,IMP,2005,2005,1502,1.00,1501
762,IMP,2006,2006,1503,1.00,1504
834,EXP,2000,2003,1504,1.00,1502
834,EXP,2000,LAST,1541,1.00,1528
834,EXP,2009,LAST,1544,1.00,1531
834,EXP,1998,2007,1544,1.00,1531
834,EXP,1995,1995,1544,1.00,1531
834,EXP,2000,2003,1563,1.00,1571
834,EXP,2013,2013,1587,1.00,1570
834,IMP,1976,LAST,1547,1.00,1534
834,IMP,1976,LAST,1549,1.00,1548
834,TRD,2000,2003,1562,1.00,1570
764,EXP,1976,LAST,1557,1.00,1556
764,PRD,1976,LAST,1534,1.00,1547
764,PRD,1976,LAST,1541,1.00,1528
764,PRD,1976,LAST,1543,1.00,1517
764,PRD,1976,LAST,1544,1.00,1531
764,PRD,1976,LAST,1545,1.00,1532
764,PRD,1976,LAST,1546,1.00,1533
764,PRD,1976,LAST,1558,1.00,1559
764,TRD,1976,LAST,1529,1.00,1530
764,TRD,1976,LAST,1534,1.00,1547
764,TRD,1976,LAST,1540,1.00,1527
764,TRD,1976,LAST,1541,1.00,1528
764,TRD,1976,LAST,1542,1.00,1516
764,TRD,1976,LAST,1543,1.00,1517
764,TRD,1976,LAST,1544,1.00,1531
764,TRD,1976,LAST,1545,1.00,1532
764,TRD,1976,LAST,1546,1.00,1533
764,TRD,1976,LAST,1549,1.00,1523
764,TRD,1976,LAST,1558,1.00,1559
768,EXP,1991,1992,1553,1.00,1554
768,EXP,1994,1997,1553,1.00,1554
768,EXP,1999,2000,1554,1.00,1563
768,EXP,2007,2008,1563,1.00,1502
768,EXP,2002,2003,1563,1.00,1554
768,EXP,2008,2008,1554,1.00,1502
768,EXP,2015,2015,1553,1.00,1554
768,EXP,1995,1995,1540,1.00,1514
768,EXP,1989,1991,1564,1.00,1555
768,EXP,1976,1980,1564,1.00,1572
768,TRD,1976,LAST,1542,1.00,1543
768,TRD,1976,LAST,1545,1.00,1532
768,TRD,1976,LAST,1549,1.00,1548
768,TRD,1976,LAST,1562,1.00,1563
768,IMP,2017,2017,1503,1.00,1504
776,EXP,2000,LAST,1501,1.00,1527
776,EXP,1995,LAST,1520,1.00,1546
776,EXP,2002,LAST,1530,1.00,1543
776,EXP,2000,LAST,1542,1.00,1543
776,EXP,1976,LAST,1544,1.00,1531
776,TRD,1976,LAST,1514,1.00,1540
776,TRD,1976,LAST,1515,1.00,1540
776,TRD,1999,LAST,1517,1.00,1543
776,TRD,2002,LAST,1529,1.00,1543
776,TRD,1976,LAST,1541,1.00,1540
776,TRD,1999,LAST,1546,1.00,1545
780,IMP,1976,LAST,1562,1.00,1563
780,TRD,1976,LAST,1548,1.00,1535
780,TRD,1976,LAST,1549,1.00,1523
780,EXP,1976,1993,1501,1.00,1540
780,EXP,1977,1990,1502,1.00,1541
780,EXP,2013,2013,1501,1.00,1502
780,EXP,2017,2017,1501,1.00,1502
780,EXP,1999,1999,1501,1.00,1540
780,EXP,2011,LAST,1503,1.00,1504
780,EXP,2012,LAST,1516,1.00,1517
780,EXP,2015,2016,1501,1.00,1540
780,EXP,1993,1993,1563,1.00,1554
780,EXP,1995,1995,1563,1.00,1554
780,EXP,1997,1998,1563,1.00,1554
780,EXP,2001,LAST,1562,1.00,1563
780,EXP,2015,2017,1570,1.00,1571
780,IMP,2012,2012,1572,1.00,1564
780,EXP,2012,2017,1588,1.00,1564
780,EXP,1993,1993,1540,1.00,1527
780,EXP,1997,1997,1540,1.00,1527
788,EXP,1976,LAST,1540,1.00,1514
788,EXP,2002,2002,1503,1.00,1504
788,EXP,2008,LAST,1534,1.00,1537
788,EXP,1976,LAST,1541,1.00,1515
788,EXP,1976,1989,1553,1.00,1554
788,EXP,1976,1979,1554,1.00,1571
788,EXP,1983,1983,1554,1.00,1571
788,EXP,1986,1986,1554,1.00,1571
788,EXP,1976,1986,1556,1.00,1565
788,EXP,1997,LAST,1563,1.00,1571
788,EXP,1976,1984,1565,1.00,1573
788,EXP,2014,2014,1587,1.00,1570
788,EXP,2017,2017,1587,1.00,1570
788,IMP,1981,1981,1527,1.00,1528
788,IMP,1980,LAST,1540,1.00,1527
788,IMP,1976,1979,1540,1.00,1528
788,IMP,1976,LAST,1541,1.00,1528
788,TRD,1976,LAST,1542,1.00,1517
788,TRD,1976,LAST,1543,1.00,1517
788,TRD,1976,LAST,1544,1.00,1531
788,TRD,1976,LAST,1545,1.00,1532
788,TRD,1976,LAST,1546,1.00,1533
788,TRD,1976,LAST,1549,1.00,1523
792,EXP,1986,1988,1582,1.00,1535
792,PRD,1976,LAST,1541,1.00,1528
792,PRD,1976,LAST,1545,1.00,1532
792,PRD,1976,LAST,1548,1.00,1535
792,PRD,1976,LAST,1549,1.00,1523
792,TRD,1976,LAST,1521,1.00,1534
792,TRD,1976,LAST,1540,1.00,1527
792,TRD,1976,LAST,1541,1.00,1528
792,PRD,2006,LAST,1542,1.00,1516
792,TRD,1976,LAST,1542,1.00,1516
792,PRD,2007,LAST,1543,1.00,1517
792,TRD,1976,LAST,1543,1.00,1517
792,PRD,2006,LAST,1544,1.00,1505
792,TRD,1976,LAST,1544,1.00,1531
792,TRD,1976,LAST,1545,1.00,1532
792,TRD,1976,LAST,1546,1.00,1533
792,TRD,1976,LAST,1547,1.00,1534
792,TRD,1976,LAST,1548,1.00,1535
792,TRD,1976,LAST,1549,1.00,1523
792,EXP,1996,1997,1557,1.00,1556
792,EXP,2002,2002,1587,1.00,1562
792,EXP,2004,2011,1587,1.00,1562
795,EXP,1992,LAST,1531,1.00,1544
795,EXP,1992,LAST,1532,1.00,1545
795,EXP,2000,LAST,1534,1.00,1550
795,EXP,1992,LAST,1540,1.00,1502
795,EXP,1994,LAST,1541,1.00,1502
795,EXP,1992,LAST,1542,1.00,1543
795,EXP,2002,2002,1543,1.00,1517
795,EXP,2001,2001,1553,1.00,1554
795,EXP,2000,2000,1570,1.00,1554
795,IMP,1992,LAST,1540,1.00,1541
795,TRD,1992,LAST,1504,1.00,1503
795,EXP,1996,1996,1556,1.00,1545
795,EXP,2000,2000,1556,1.00,1545
795,IMP,2005,2005,1549,1.00,1548
796,EXP,1976,LAST,1514,1.00,1540
796,EXP,1976,LAST,1515,1.00,1541
796,EXP,2003,2003,1570,1.00,1571
796,IMP,2001,2001,1557,1.00,1556
796,TRD,1976,LAST,1502,1.00,1501
796,TRD,1998,LAST,1505,1.00,1507
796,TRD,1999,LAST,1527,1.00,1528
796,TRD,1999,LAST,1543,1.00,1542
796,TRD,1998,LAST,1544,1.00,1546
796,TRD,1976,LAST,1554,1.00,1553
796,TRD,1976,LAST,1563,1.00,1562
798,TRD,1976,LAST,1506,1.00,1545
798,TRD,1976,LAST,1515,1.00,1541
798,IMP,1976,LAST,1540,1.00,1527
798,EXP,2003,LAST,1540,1.00,1527
798,EXP,1994,2002,1527,1.00,1528
798,EXP,1994,2002,1540,1.00,1528
798,EXP,2010,2010,1563,1.00,1554
798,EXP,1996,1996,1564,1.00,1544
826,IMP,1976,1976,1590,1.00,1556
826,PRD,1976,LAST,1521,1.00,1524
826,PRD,1976,LAST,1541,1.00,1515
826,PRD,1976,1994,1542,1.00,1516
826,PRD,1995,LAST,1542,1.00,1517
826,PRD,1976,LAST,1543,1.00,1517
826,PRD,1976,LAST,1544,1.00,1518
826,PRD,1976,LAST,1545,1.00,1532
826,PRD,1976,LAST,1548,1.00,1535
826,TRD,1976,LAST,1540,1.00,1514
826,TRD,1976,LAST,1541,1.00,1515
826,TRD,1976,LAST,1542,1.00,1516
826,TRD,1976,LAST,1543,1.00,1517
826,TRD,1976,LAST,1544,1.00,1518
826,TRD,1976,LAST,1545,1.00,1532
826,TRD,1976,LAST,1547,1.00,1537
826,TRD,1976,LAST,1548,1.00,1535
826,TRD,1976,LAST,1549,1.00,1523
840,PRD,1976,LAST,1541,1.00,1515
840,PRD,1976,LAST,1542,1.00,1516
840,PRD,1976,LAST,1543,1.00,1517
840,PRD,1976,LAST,1544,1.00,1518
840,PRD,1976,LAST,1545,1.00,1532
840,PRD,1976,LAST,1546,1.00,1520
840,PRD,1976,LAST,1547,1.00,1537
840,PRD,1976,LAST,1548,1.00,1535
840,PRD,1976,LAST,1549,1.00,1523
840,PRD,1976,LAST,1558,1.00,1559
840,TRD,1976,LAST,1540,1.00,1514
840,TRD,1976,LAST,1541,1.00,1515
840,TRD,1976,LAST,1542,1.00,1516
840,TRD,1976,LAST,1543,1.00,1517
840,TRD,1976,LAST,1544,1.00,1518
840,TRD,1976,LAST,1545,1.00,1532
840,TRD,1976,LAST,1546,1.00,1520
840,TRD,1976,LAST,1547,1.00,1537
840,TRD,1976,LAST,1548,1.00,1535
840,TRD,1976,LAST,1549,1.00,1523
810,EXP,1976,1991,1541,1.00,1515
810,IMP,1976,1991,1541,1.00,1528
810,PRD,1976,1991,1541,1.00,1515
810,PRD,1976,1991,1543,1.00,1517
810,PRD,1976,1991,1544,1.00,1518
810,PRD,1976,1991,1545,1.00,1532
810,PRD,1976,1991,1548,1.00,1522
810,TRD,1976,1991,1544,1.00,1531
810,TRD,1976,1991,1545,1.00,1532
810,TRD,1976,1991,1548,1.00,1522
800,EXP,1976,LAST,1514,1.00,1501
800,EXP,1976,LAST,1516,1.00,1503
800,EXP,1976,LAST,1517,1.00,1504
800,EXP,1976,LAST,1518,1.00,1505
800,IMP,1996,1996,1519,1.00,1532
800,EXP,1976,LAST,1527,1.00,1501
800,EXP,2017,2017,1528,1.00,1527
800,EXP,1976,LAST,1531,1.00,1505
800,EXP,2007,LAST,1534,1.00,1511
800,EXP,1976,LAST,1540,1.00,1501
800,EXP,1976,LAST,1541,1.00,1502
800,EXP,1976,LAST,1542,1.00,1503
800,EXP,1976,LAST,1543,1.00,1504
800,EXP,1976,LAST,1544,1.00,1505
800,EXP,2004,2014,1545,1.00,1506
800,EXP,2015,2017,1545,1.00,1532
800,EXP,1976,LAST,1546,1.00,1507
800,EXP,1998,LAST,1550,1.00,1511
800,EXP,2005,2005,1553,1.00,1501
800,EXP,2008,2008,1553,1.00,1554
800,EXP,2013,2013,1557,1.00,1507
800,EXP,1998,1998,1562,1.00,1554
800,EXP,2002,2002,1562,1.00,1501
800,EXP,2012,2012,1562,1.00,1554
800,EXP,1998,1998,1563,1.00,1554
800,EXP,2000,2000,1563,1.00,1502
800,EXP,2002,2004,1563,1.00,1554
800,EXP,2006,2006,1563,1.00,1554
800,EXP,2009,2009,1563,1.00,1554
800,EXP,2012,2012,1563,1.00,1554
800,EXP,2014,2014,1565,1.00,1556
800,EXP,1998,LAST,1570,1.00,1554
800,EXP,2007,2007,1582,1.00,1549
800,EXP,2012,2013,1587,1.00,1501
800,EXP,2014,2014,1588,1.00,1505
800,EXP,2013,2014,1590,1.00,1507
800,IMP,1976,LAST,1545,1.00,1532
800,IMP,1998,LAST,1562,1.00,1563
800,PRD,1976,LAST,1546,1.00,1507
804,EXP,1992,2001,1546,1.00,1532
804,IMP,1992,2000,1546,1.00,1532
804,PRD,1992,LAST,1541,1.00,1528
804,TRD,1992,LAST,1540,1.00,1527
804,EXP,2009,2014,1527,1.00,1528
804,TRD,1992,LAST,1541,1.00,1528
804,TRD,1996,LAST,1543,1.00,1530
804,TRD,1993,1994,1543,1.00,1530
804,EXP,1995,1995,1543,1.00,1530
804,IMP,1995,1995,1543,1.00,1528
804,TRD,1992,LAST,1544,1.00,1531
804,TRD,1992,LAST,1548,1.00,1535
804,TRD,1992,LAST,1549,1.00,1523
784,EXP,2000,2001,1501,1.00,1540
784,EXP,1996,1997,1518,1.00,1520
784,EXP,2003,2003,1529,1.00,1530
784,EXP,1994,1995,1545,1.00,1532
784,EXP,1999,2001,1545,1.00,1532
784,EXP,2003,2003,1545,1.00,1532
784,EXP,1999,2001,1546,1.00,1533
784,EXP,2002,2003,1563,1.00,1554
784,EXP,1999,2001,1563,1.00,1571
784,IMP,1987,1993,1554,1.00,1553
784,PRD,1976,LAST,1544,1.00,1531
784,TRD,1976,LAST,1541,1.00,1515
784,TRD,1976,LAST,1542,1.00,1516
784,TRD,1976,LAST,1543,1.00,1517
784,TRD,1976,LAST,1544,1.00,1531
784,TRD,1976,LAST,1547,1.00,1534
784,TRD,1976,LAST,1549,1.00,1548
784,TRD,1976,LAST,1572,1.00,1573
858,EXP,1997,2003,1528,1.00,1515
858,EXP,1976,LAST,1534,1.00,1524
858,IMP,1976,LAST,1534,1.00,1521
858,PRD,1976,LAST,1503,1.00,1504
858,PRD,1976,LAST,1534,1.00,1524
858,PRD,1976,LAST,1541,1.00,1515
858,PRD,1976,LAST,1542,1.00,1516
858,PRD,1976,LAST,1543,1.00,1517
858,PRD,1976,LAST,1544,1.00,1518
858,PRD,1976,LAST,1545,1.00,1532
858,PRD,1976,LAST,1546,1.00,1520
858,PRD,1976,LAST,1548,1.00,1522
858,PRD,1976,LAST,1549,1.00,1523
858,TRD,1976,LAST,1503,1.00,1504
858,TRD,1976,LAST,1540,1.00,1514
858,TRD,1976,LAST,1541,1.00,1515
858,TRD,1976,LAST,1542,1.00,1516
858,TRD,1976,LAST,1543,1.00,1517
858,TRD,1976,LAST,1544,1.00,1518
858,TRD,1976,LAST,1545,1.00,1519
858,TRD,1976,LAST,1546,1.00,1520
858,TRD,1976,LAST,1547,1.00,1521
858,TRD,1976,LAST,1548,1.00,1522
858,TRD,1976,LAST,1549,1.00,1523
858,TRD,1976,LAST,1555,1.00,1564
858,TRD,1976,LAST,1556,1.00,1565
858,TRD,1976,1993,1563,1.00,1562
860,EXP,1992,LAST,1540,1.00,1501
860,EXP,2002,2011,1541,1.00,1502
860,EXP,1992,LAST,1543,1.00,1530
860,EXP,2007,2011,1542,1.00,1530
860,IMP,2000,2000,1514,1.00,1515
860,IMP,2015,2015,1516,1.00,1517
860,IMP,1992,LAST,1543,1.00,1517
860,PRD,1992,LAST,1545,1.00,1506
860,PRD,1992,LAST,1548,1.00,1509
860,TRD,2002,2003,1518,1.00,1505
860,TRD,1992,LAST,1544,1.00,1531
860,IMP,2017,2017,1570,1.00,1571
548,EXP,1976,LAST,1515,1.00,1528
548,EXP,1976,LAST,1520,1.00,1546
548,IMP,1976,1978,1545,1.00,1532
548,TRD,1976,LAST,1501,1.00,1540
548,TRD,1976,LAST,1516,1.00,1517
548,TRD,1976,LAST,1542,1.00,1543
548,TRD,1976,LAST,1562,1.00,1563
548,EXP,2004,2004,1502,1.00,1541
548,EXP,1995,1995,1530,1.00,1543
548,EXP,2005,2005,1534,1.00,1537
548,EXP,2003,LAST,1550,1.00,1537
548,EXP,2014,2017,1541,1.00,1528
548,EXP,2005,LAST,1558,1.00,1559
548,EXP,2014,2015,1563,1.00,1571
548,EXP,2016,2016,1588,1.00,1587
548,EXP,2017,2017,1543,1.00,1530
548,EXP,2008,2009,1570,1.00,1571
862,ALL,1976,LAST,1544,1.00,1518
862,ALL,1990,LAST,1545,1.00,1519
862,ALL,1976,1989,1545,1.00,1532
862,EXP,2016,2016,1515,1.00,1514
862,EXP,1976,LAST,1540,1.00,1527
862,IMP,1976,1985,1533,1.00,1546
862,TRD,1976,LAST,1541,1.00,1515
704,EXP,1990,1990,1502,1.00,1501
704,EXP,1985,1985,1502,1.00,1501
704,EXP,1995,LAST,1503,1.00,1504
704,EXP,1996,LAST,1514,1.00,1540
704,EXP,1976,LAST,1515,1.00,1541
704,EXP,1976,LAST,1517,1.00,1543
704,EXP,1976,LAST,1518,1.00,1544
704,EXP,1976,LAST,1520,1.00,1546
704,EXP,1976,1996,1527,1.00,1540
704,EXP,1976,1996,1528,1.00,1541
704,EXP,1976,1996,1530,1.00,1543
704,EXP,1976,1996,1531,1.00,1544
704,EXP,2001,LAST,1532,1.00,1545
704,EXP,1995,LAST,1558,1.00,1547
704,EXP,1976,LAST,1563,1.00,1562
704,EXP,1985,1986,1588,1.00,1572
704,IMP,1995,LAST,1529,1.00,1530
704,PRD,1976,LAST,1534,1.00,1547
704,PRD,1976,LAST,1556,1.00,1557
704,TRD,1976,LAST,1534,1.00,1547
704,TRD,1976,LAST,1556,1.00,1557
887,EXP,2000,LAST,1501,1.00,1527
887,EXP,2000,LAST,1502,1.00,1528
887,EXP,2003,2003,1504,1.00,1530
887,EXP,2004,LAST,1506,1.00,1532
887,EXP,2000,LAST,1542,1.00,1529
887,EXP,1995,LAST,1543,1.00,1530
887,EXP,1985,1987,1553,1.00,1554
887,EXP,1988,2001,1553,1.00,1554
887,EXP,1976,1984,1553,1.00,1571
887,EXP,2004,LAST,1562,1.00,1553
887,EXP,2000,LAST,1563,1.00,1571
887,EXP,1995,LAST,1570,1.00,1571
887,IMP,2005,LAST,1542,1.00,1529
887,IMP,2005,LAST,1543,1.00,1530
887,IMP,2001,LAST,1547,1.00,1534
887,IMP,2003,LAST,1562,1.00,1553
887,PRD,1976,LAST,1541,1.00,1528
887,PRD,1976,LAST,1544,1.00,1531
887,PRD,1976,LAST,1545,1.00,1532
887,PRD,1976,LAST,1548,1.00,1535
887,TRD,1976,LAST,1507,1.00,1505
887,TRD,1976,LAST,1514,1.00,1515
887,TRD,1976,LAST,1540,1.00,1527
887,TRD,1976,LAST,1541,1.00,1528
887,TRD,1976,LAST,1544,1.00,1531
887,TRD,1976,LAST,1545,1.00,1532
887,TRD,1976,LAST,1546,1.00,1533
887,TRD,1976,LAST,1548,1.00,1535
887,TRD,1976,LAST,1549,1.00,1523
887,EXP,2014,2014,1505,1.00,1518
887,EXP,2017,2017,1504,1.00,1517
887,EXP,2014,2015,1503,1.00,1517
887,EXP,2017,2017,1564,1.00,1555
887,EXP,2012,2013,1587,1.00,1553
887,EXP,2013,2013,1588,1.00,1554
887,EXP,2016,2017,1588,1.00,1572
887,IMP,2001,2001,1550,1.00,1534
890,EXP,1988,1988,1504,1.00,1501
890,PRD,1976,1991,1534,1.00,1537
890,PRD,1976,1991,1541,1.00,1528
890,PRD,1976,1991,1548,1.00,1535
890,TRD,1976,1991,1502,1.00,1501
890,TRD,1976,1991,1541,1.00,1528
890,TRD,1976,1991,1542,1.00,1530
890,TRD,1976,1991,1544,1.00,1531
890,TRD,1976,1991,1545,1.00,1532
890,TRD,1976,1991,1546,1.00,1533
890,TRD,1976,1991,1548,1.00,1535
890,TRD,1976,1991,1549,1.00,1523
890,TRD,1976,1991,1554,1.00,1553
890,TRD,1976,1991,1563,1.00,1562
890,TRD,1976,1991,1564,1.00,1572
894,EXP,2000,2000,1514,1.00,1515
894,EXP,2007,2014,1514,1.00,1515
894,EXP,2001,2001,1515,1.00,1528
894,EXP,2007,2009,1518,1.00,1544
894,EXP,1997,LAST,1527,1.00,1528
894,EXP,1976,LAST,1540,1.00,1501
894,EXP,1976,LAST,1541,1.00,1502
894,EXP,1976,LAST,1544,1.00,1505
894,EXP,2014,2014,1545,1.00,1532
894,EXP,2009,2009,1548,1.00,1535
894,EXP,1986,1986,1553,1.00,1540
894,EXP,2009,2009,1570,1.00,1571
894,EXP,1999,1999,1571,1.00,1563
894,EXP,2016,2016,1587,1.00,1554
894,IMP,1976,LAST,1548,1.00,1535
894,TRD,1976,LAST,1542,1.00,1543
894,TRD,1976,LAST,1562,1.00,1563
894,EXP,2017,2017,1553,1.00,1554
894,EXP,2017,2017,1518,1.00,1544
894,EXP,2017,2017,1515,1.00,1541
716,EXP,1981,1982,1502,1.00,1501
716,EXP,1976,LAST,1503,1.00,1504
716,EXP,2013,2017,1515,1.00,1502
716,EXP,1992,LAST,1518,1.00,1505
716,EXP,1995,1995,1527,1.00,1528
716,EXP,1998,1998,1527,1.00,1528
716,EXP,1985,1985,1531,1.00,1505
716,EXP,2002,2002,1531,1.00,1505
716,EXP,1990,1993,1540,1.00,1541
716,EXP,1998,LAST,1540,1.00,1541
716,EXP,2007,2008,1541,1.00,1502
716,EXP,1988,1997,1542,1.00,1504
716,EXP,2000,LAST,1542,1.00,1530
716,EXP,1985,1985,1544,1.00,1505
716,EXP,1990,1992,1544,1.00,1505
716,EXP,1990,1990,1563,1.00,1554
716,EXP,2003,2003,1564,1.00,1505
716,TRD,1990,LAST,1543,1.00,1530
275,IMP,2007,2007,1530,1.00,1529
275,IMP,2012,2012,1545,1.00,1532
275,IMP,2015,2016,1541,1.00,1502
275,EXP,2015,2015,1541,1.00,1540
729,EXP,2014,2015,1514,1.00,1540
729,EXP,2017,2017,1514,1.00,1515
729,EXP,2016,2017,1541,1.00,1540
729,EXP,2015,2015,1531,1.00,1544
729,EXP,2017,2017,1531,1.00,1544
729,EXP,2016,2016,1520,1.00,1546
729,EXP,2014,2014,1533,1.00,1546
729,IMP,2015,2015,1534,1.00,1550
729,EXP,2013,2013,1562,1.00,1563
729,EXP,2012,2012,1570,1.00,1563
729,EXP,2017,2017,1527,1.00,1540
729,EXP,2017,2017,1534,1.00,1508
426,EXP,2016,2017,1540,1.00,1501
426,EXP,2010,2012,1541,1.00,1502
426,EXP,2014,2015,1541,1.00,1502
426,EXP,2013,2013,1527,1.00,1528
426,EXP,2013,2013,1533,1.00,1532
426,EXP,2017,2017,1555,1.00,1590
426,EXP,2010,LAST,1534,1.00,1537
626,EXP,2004,2004,1565,1.00,1556
196,EXP,2008,2008,1527,1.00,1528
196,EXP,2010,2010,1527,1.00,1528
196,EXP,2011,2011,1542,1.00,1543
196,EXP,1996,1996,1572,1.00,1564
196,EXP,1996,1996,1590,1.00,1565
196,EXP,2004,2004,1590,1.00,1565
196,EXP,1989,1989,1590,1.00,1565
196,EXP,1988,1988,1571,1.00,1570
196,EXP,1995,1996,1503,1.00,1504
531,EXP,2011,2011,1515,1.00,1541
531,EXP,2011,2011,1530,1.00,1543
531,EXP,2014,2016,1553,1.00,1554
531,EXP,2012,2012,1570,1.00,1571
531,EXP,2015,2015,1570,1.00,1571
64,IMP,2012,2012,1517,1.00,1516
64,IMP,2011,2011,1562,1.00,1563
703,EXP,2007,2007,1516,1.00,1517
703,EXP,1995,1996,1540,1.00,1541
703,EXP,1993,1993,1582,1.00,1548
703,EXP,2014,2017,1571,1.00,1554
703,EXP,1994,1995,1562,1.00,1571
703,EXP,2000,2000,1562,1.00,1563
703,EXP,2003,2003,1562,1.00,1563
703,EXP,2009,2009,1562,1.00,1563
703,EXP,1993,1993,1563,1.00,1571
703,IMP,1993,1993,1570,1.00,1571
703,EXP,1996,1996,1564,1.00,1565
500,IMP,2009,2009,1553,1.00,1554
